0,0
10,0
11,0
13,0
15,0
16,0
17,0
18,0
19,0
20,0
21,0
22,0
23,0
24,0
25,0
26,0
27,0
28,0
29,0
30,0
31,0
32,0
33,0
34,0
35,0
36,0
37,0
38,0
39,0
40,0
41,0
42,0
43,0
44,0
45,0
46,0
47,0
48,0
49,0
50,0
51,0
52,0
53,0
54,0
55,0
56,0
57,0
58,0
59,0
60,0
61,0
62,0
63,0
64,0
65,0
66,0
67,0
68,0
69,0
70,0
71,0
72,0
73,0
74,0
75,0
76,0
77,0
78,0
79,0
80,0
81,0
82,0
83,0
84,0
85,0
86,0
87,0
88,0
89,0
90,0
91,0
92,0
93,0
94,0
95,0
96,0
97,0
98,0
99,0
100,0
101,0
102,0
103,0
104,0
105,0
106,0
107,0
108,0
109,0
110,0
111,0
112,0
113,0
114,0
115,0
116,0
117,0
118,0
119,0
120,0
121,0
122,0
123,0
124,0
125,0
126,0
127,0
128,0
129,0
130,0
131,0
132,0
133,0
134,0
135,0
136,0
137,0
138,0
139,0
140,0
141,0
142,0
143,0
144,0
145,0
146,0
147,0
148,0
149,0
150,0
151,0
152,0
153,0
154,0
155,0
156,0
157,0
158,0
159,0
160,0
161,0
162,0
163,0
164,0
165,0
166,0
167,0
168,0
169,0
170,0
171,0
172,0
173,0
174,0
175,0
176,0
177,0
178,0
179,0
180,0
181,0
182,0
183,0
184,0
185,0
186,0
187,0
188,0
189,0
190,0
191,0
192,0
193,0
194,0
195,0
196,0
197,0
198,0
199,0
200,0
201,0
202,0
203,0
204,0
205,0
206,0
207,0
208,0
209,0
210,0
211,0
212,0
213,0
214,0
215,0
216,0
217,0
218,0
219,0
220,0
221,0
222,0
223,0
224,0
225,0
226,0
227,0
228,0
229,0
230,0
231,0
232,0
233,0
234,0
235,0
236,0
237,0
238,0
239,0
240,0
241,0
242,0
243,0
244,0
245,0
246,0
247,0
248,0
249,0
250,0
251,0
252,0
253,0
254,0
255,0
256,0
257,0
258,0
259,0
260,0
261,0
262,0
263,0
264,0
265,0
266,0
267,0
268,0
269,0
270,0
271,0
272,0
273,0
274,0
275,0
276,0
277,0
278,0
279,0
280,0
281,0
282,0
283,0
284,0
285,0
286,0
287,0
288,0
289,0
290,0
291,0
292,0
293,0
294,0
295,0
296,0
297,0
298,0
299,0
300,0
301,0
302,0
303,0
304,0
305,0
306,0
307,0
308,0
309,0
310,0
311,0
312,0
313,0
314,0
315,0
316,0
317,0
318,0
319,0
320,0
321,0
322,0
323,0
324,0
325,0
326,0
327,0
328,0
329,0
330,0
331,0
332,0
333,0
334,0
335,0
336,0
337,0
338,0
339,0
340,0
341,0
342,0
343,0
344,0
345,0
346,0
347,0
348,0
349,0
350,0
351,0
352,0
353,0
354,0
355,0
356,0
357,0
358,0
359,0
360,0
361,0
362,0
363,0
364,0
365,0
366,0
367,0
368,0
369,0
370,0
371,0
372,0
373,0
374,0
375,0
376,0
377,0
378,0
379,0
380,0
381,0
382,0
383,0
384,0
385,0
386,0
387,0
388,0
389,0
390,0
391,0
392,0
393,0
394,0
395,0
396,0
397,0
398,0
399,0
400,0
401,0
402,0
403,0
404,0
405,0
406,0
407,0
408,0
409,0
410,0
411,0
412,0
413,0
414,0
415,0
416,0
417,0
418,0
419,0
420,0
421,0
422,0
423,0
424,0
425,0
426,0
427,0
428,0
429,0
430,0
431,0
432,0
433,0
434,0
435,0
436,0
437,0
438,0
439,0
440,0
441,0
442,0
443,0
444,0
445,0
446,0
447,0
448,0
449,0
450,0
451,0
452,0
453,0
454,0
455,0
456,0
457,0
458,0
459,0
460,0
461,0
462,0
463,0
464,0
465,0
466,0
467,0
468,0
469,0
470,0
471,0
472,0
473,0
474,0
475,0
476,0
477,0
478,0
479,0
480,0
481,0
482,0
483,0
484,0
485,0
486,0
487,0
488,0
489,0
490,0
491,0
492,0
493,0
494,0
495,0
496,0
497,0
498,0
499,0
500,0
501,0
502,0
503,0
504,0
505,0
506,0
507,0
508,0
509,0
510,0
511,0
512,0
513,0
514,0
515,0
516,0
517,0
518,0
519,0
520,0
521,0
522,0
523,0
524,0
525,0
526,0
527,0
528,0
529,0
530,0
531,0
532,0
533,0
534,0
535,0
536,0
537,0
538,0
539,0
540,0
541,0
542,0
543,0
544,0
545,0
546,0
547,0
548,0
549,0
550,0
551,0
552,0
553,0
554,0
555,0
556,0
557,0
558,0
559,0
560,0
561,0
562,0
563,0
564,0
565,0
566,0
567,0
568,0
569,0
570,0
571,0
572,0
573,0
574,0
575,0
576,0
577,0
578,0
579,0
580,0
581,0
582,0
583,0
584,0
585,0
586,0
587,0
588,0
589,0
590,0
591,0
592,0
593,0
594,0
595,0
596,0
597,0
598,0
599,0
600,0
601,0
602,0
603,0
604,0
605,0
606,0
607,0
608,0
609,0
610,0
611,0
612,0
613,0
614,0
615,0
616,0
617,0
618,0
619,0
620,0
621,0
622,0
623,0
624,0
625,0
626,0
627,0
628,0
629,0
630,0
631,0
632,0
633,0
634,0
635,0
636,0
637,0
638,0
639,0
640,0
641,0
642,0
643,0
644,0
645,0
646,0
647,0
648,0
649,0
650,0
651,0
652,0
653,0
654,0
655,0
656,0
657,0
658,0
659,0
660,0
661,0
662,0
663,0
664,0
665,0
666,0
667,0
668,0
669,0
670,0
671,0
672,0
673,0
674,0
675,0
676,0
677,0
678,0
679,0
680,0
681,0
682,0
683,0
684,0
685,0
686,0
687,0
688,0
689,0
690,0
691,0
692,0
693,0
694,0
695,0
696,0
697,0
698,0
699,0
700,0
701,0
702,0
703,0
704,0
705,0
706,0
707,0
708,0
709,0
710,0
711,0
712,0
713,0
714,0
715,0
716,0
717,0
718,0
719,0
720,0
721,0
722,0
723,0
724,0
725,0
726,0
727,0
728,0
729,0
730,0
731,0
732,0
733,0
734,0
735,0
736,0
737,0
738,0
739,0
740,0
741,0
742,0
743,0
744,0
745,0
746,0
747,0
748,0
749,0
750,0
751,0
752,0
753,0
754,0
755,0
756,0
757,0
758,0
759,0
760,0
761,0
762,0
763,0
764,0
765,0
766,0
767,0
768,0
769,0
770,0
771,0
772,0
773,0
774,0
775,0
776,0
777,0
778,0
779,0
780,0
781,0
782,0
783,0
784,0
785,0
786,0
787,0
788,0
789,0
790,0
791,0
792,0
793,0
794,0
795,0
796,0
797,0
798,0
799,0
800,0
801,0
802,0
803,0
804,0
805,0
806,0
807,0
808,0
809,0
810,0
811,0
812,0
813,0
814,0
815,0
816,0
817,0
818,0
819,0
820,0
821,0
822,0
823,0
824,0
825,0
826,0
827,0
828,0
829,0
830,0
831,0
832,0
833,0
834,0
835,0
836,0
837,0
838,0
839,0
840,0
841,0
842,0
843,0
844,0
845,0
846,0
847,0
848,0
849,0
850,0
851,0
852,0
853,0
854,0
855,0
856,0
857,0
858,0
859,0
860,0
861,0
862,0
863,0
864,0
865,0
866,0
867,0
868,0
869,0
870,0
871,0
872,0
873,0
874,0
875,0
876,0
877,0
878,0
879,0
880,0
881,0
882,0
883,0
884,0
885,0
886,0
887,0
888,0
889,0
890,0
891,0
892,0
893,0
894,0
895,0
896,0
897,0
898,0
899,0
900,0
901,0
902,0
903,0
904,0
905,0
906,0
907,0
908,0
909,0
910,0
911,0
912,0
913,0
914,0
915,0
916,0
917,0
918,0
919,0
920,0
921,0
922,0
923,0
924,0
925,0
926,0
927,0
928,0
929,0
930,0
931,0
932,0
933,0
934,0
935,0
936,0
937,0
938,0
939,0
940,0
941,0
942,0
943,0
944,0
945,0
946,0
947,0
948,0
949,0
950,0
951,0
952,0
953,0
954,0
955,0
956,0
957,0
958,0
959,0
960,0
961,0
962,0
963,0
964,0
965,0
966,0
967,0
968,0
969,0
970,0
971,0
972,0
973,0
974,0
975,0
976,0
977,0
978,0
979,0
980,0
981,0
982,0
983,0
984,0
985,0
986,0
987,0
988,0
989,0
990,0
991,0
992,0
993,0
994,0
995,0
996,0
997,0
998,0
999,0
1000,0
1001,0
1002,0
1003,0
1004,0
1005,0
1006,0
1007,0
1008,0
1009,0
1010,0
1011,0
1012,0
1013,0
1014,0
1015,0
1016,0
1017,0
1018,0
1019,0
1020,0
1021,0
1022,0
1023,0
1024,0
1025,0
1026,0
1027,0
1028,0
1029,0
1030,0
1031,0
1032,0
1033,0
1034,0
1035,0
1036,0
1037,0
1038,0
1039,0
1040,0
1041,0
1042,0
1043,0
1044,0
1045,0
1046,0
1047,0
1048,0
1049,0
1050,0
1051,0
1052,0
1053,0
1054,0
1055,0
1056,0
1057,0
1058,0
1059,0
1060,0
1061,0
1062,0
1063,0
1064,0
1065,0
1066,0
1067,0
1068,0
1069,0
1070,0
1071,0
1072,0
1073,0
1074,0
1075,0
1076,0
1077,0
1078,0
1079,0
1080,0
1081,0
1082,0
1083,0
1084,0
1085,0
1086,0
1087,0
1088,0
1089,0
1090,0
1091,0
1092,0
1093,0
1094,0
1095,0
1096,0
1097,0
1098,0
1099,0
1100,0
1101,0
1102,0
1103,0
1104,0
1105,0
1106,0
1107,0
1108,0
1109,0
1110,0
1111,0
1112,0
1113,0
1114,0
1115,0
1116,0
1117,0
1118,0
1119,0
1120,0
1121,0
1122,0
1123,0
1124,0
1125,0
1126,0
1127,0
1128,0
1129,0
1130,0
1131,0
1132,0
1133,0
1134,0
1135,0
1136,0
1137,0
1138,0
1139,0
1140,0
1141,0
1142,0
1143,0
1144,0
1145,0
1146,0
1147,0
1148,0
1149,0
1150,0
1151,0
1152,0
1153,0
1154,0
1155,0
1156,0
1157,0
1158,0
1159,0
1160,0
1161,0
1162,0
1163,0
1164,0
1165,0
1166,0
1167,0
1168,0
1169,0
1170,0
1171,0
1172,0
1173,0
1174,0
1175,0
1176,0
1177,0
1178,0
1179,0
1180,0
1181,0
1182,0
1183,0
1184,0
1185,0
1186,0
1187,0
1188,0
1189,0
1190,0
1191,0
1192,0
1193,0
1194,0
1195,0
1196,0
1197,0
1198,0
1199,0
1200,0
1201,0
1202,0
1203,0
1204,0
1205,0
1206,0
1207,0
1208,0
1209,0
1210,0
1211,0
1212,0
1213,0
1214,0
1215,0
1216,0
1217,0
1218,0
1219,0
1220,0
1221,0
1222,0
1223,0
1224,0
1225,0
1226,0
1227,0
1228,0
1229,0
1230,0
1231,0
1232,0
1233,0
1234,0
1235,0
1236,0
1237,0
1238,0
1239,0
1240,0
1241,0
1242,0
1243,0
1244,0
1245,0
1246,0
1247,0
1248,0
1249,0
1250,0
1251,0
1252,0
1253,0
1254,0
1255,0
1256,0
1257,0
1258,0
1259,0
1260,0
1261,0
1262,0
1263,0
1264,0
1265,0
1266,0
1267,0
1268,0
1269,0
1270,0
1271,0
1272,0
1273,0
1274,0
1275,0
1276,0
1277,0
1278,0
1279,0
1280,0
1281,0
1282,0
1283,0
1284,0
1285,0
1286,0
1287,0
1288,0
1289,0
1290,0
1291,0
1292,0
1293,0
1294,0
1295,0
1296,0
1297,0
1298,0
1299,0
1300,0
1301,0
1302,0
1303,0
1304,0
1305,0
1306,0
1307,0
1308,0
1309,0
1310,0
1311,0
1312,0
1313,0
1314,0
1315,0
1316,0
1317,0
1318,0
1319,0
1320,0
1321,0
1322,0
1323,0
1324,0
1325,0
1326,0
1327,0
1328,0
1329,0
1330,0
1331,0
1332,0
1333,0
1334,0
1335,0
1336,0
1337,0
1338,0
1339,0
1340,0
1341,0
1342,0
1343,0
1344,0
1345,0
1346,0
1347,0
1348,0
1349,0
1350,0
1351,0
1352,0
1353,0
1354,0
1355,0
1356,0
1357,0
1358,0
1359,0
1360,0
1361,0
1362,0
1363,0
1364,0
1365,0
1366,0
1367,0
1368,0
1369,0
1370,0
1371,0
1372,0
1373,0
1374,0
1375,0
1376,0
1377,0
1378,0
1379,0
1380,0
1381,0
1382,0
1383,0
1384,0
1385,0
1386,0
1387,0
1388,0
1389,0
1390,0
1391,0
1392,0
1393,0
1394,0
1395,0
1396,0
1397,0
1398,0
1399,0
1400,0
1401,0
1402,0
1403,0
1404,0
1405,0
1406,0
1407,0
1408,0
1409,0
1410,0
1411,0
1412,0
1413,0
1414,0
1415,0
1416,0
1417,0
1418,0
1419,0
1420,0
1421,0
1422,0
1423,0
1424,0
1425,0
1426,0
1427,0
1428,0
1429,0
1430,0
1431,0
1432,0
1433,0
1434,0
1435,0
1436,0
1437,0
1438,0
1439,0
1440,0
1441,0
1442,0
1443,0
1444,0
1445,0
1446,0
1447,0
1448,0
1449,0
1450,0
1451,0
1452,0
1453,0
1454,0
1455,0
1456,0
1457,0
1458,0
1459,0
1460,0
1461,0
1462,0
1463,0
1464,0
1465,0
1466,0
1467,0
1468,0
1469,0
1470,0
1471,0
1472,0
1473,0
1474,0
1475,0
1476,0
1477,0
1478,0
1479,0
1480,0
1481,0
1482,0
1483,0
1484,0
1485,0
1486,0
1487,0
1488,0
1489,0
1490,0
1491,0
1492,0
1493,0
1494,0
1495,0
1496,0
1497,0
1498,0
1499,0
1500,0
1501,0
1502,0
1503,0
1504,0
1505,0
1506,0
1507,0
1508,0
1509,0
1510,0
1511,0
1512,0
1513,0
1514,0
1515,0
1516,0
1517,0
1518,0
1519,0
1520,0
1521,0
1522,0
1523,0
1524,0
1525,0
1526,0
1527,0
1528,0
1529,0
1530,0
1531,0
1532,0
1533,0
1534,0
1535,0
1536,0
1537,0
1538,0
1539,0
1540,0
1541,0
1542,0
1543,0
1544,0
1545,0
1546,0
1547,0
1548,0
1549,0
1550,0
1551,0
1552,0
1553,0
1554,0
1555,0
1556,0
1557,0
1558,0
1559,0
1560,0
1561,0
1562,0
1563,0
1564,0
1565,0
1566,0
1567,0
1568,0
1569,0
1570,0
1571,0
1572,0
1573,0
1574,0
1575,0
1576,0
1577,0
1578,0
1579,0
1580,0
1581,0
1582,0
1583,0
1584,0
1585,0
1586,0
1587,0
1588,0
1589,0
1590,0
1591,0
1592,0
1593,0
1594,0
1595,0
1596,0
1597,0
1598,0
1599,0
1600,0
1601,0
1602,0
1603,0
1604,0
1605,0
1606,0
1607,0
1608,0
1609,0
1610,0
1611,0
1612,0
1613,0
1614,0
1615,0
1616,0
1617,0
1618,0
1619,0
1620,0
1621,0
1622,0
1623,0
1624,0
1625,0
1626,0
1627,0
1628,0
1629,0
1630,0
1631,0
1632,0
1633,0
1634,0
1635,0
1636,0
1637,0
1638,0
1639,0
1640,0
1641,0
1642,0
1643,0
1644,0
1645,0
1646,0
1647,0
1648,0
1649,0
1650,0
1651,0
1652,0
1653,0
1654,0
1655,0
1656,0
1657,0
1658,0
1659,0
1660,0
1661,0
1662,0
1663,0
1664,0
1665,0
1666,0
1667,0
1668,0
1669,0
1670,0
1671,0
1672,0
1673,0
1674,0
1675,0
1676,0
1677,0
1678,0
1679,0
1680,0
1681,0
1682,0
1683,0
1684,0
1685,0
1686,0
1687,0
1688,0
1689,0
1690,0
1691,0
1692,0
1693,0
1694,0
1695,0
1696,0
1697,0
1698,0
1699,0
1700,0
1701,0
1702,0
1703,0
1704,0
1705,0
1706,0
1707,0
1708,0
1709,0
1710,0
1711,0
1712,0
1713,0
1714,0
1715,0
1716,0
1717,0
1718,0
1719,0
1720,0
1721,0
1722,0
1723,0
1724,0
1725,0
1726,0
1727,0
1728,0
1729,0
1730,0
1731,0
1732,0
1733,0
1734,0
1735,0
1736,0
1737,0
1738,0
1739,0
1740,0
1741,0
1742,0
1743,0
1744,0
1745,0
1746,0
1747,0
1748,0
1749,0
1750,0
1751,0
1752,0
1753,0
1754,0
1755,0
1756,0
1757,0
1758,0
1759,0
1760,0
1761,0
1762,0
1763,0
1764,0
1765,0
1766,0
1767,0
1768,0
1769,0
1770,0
1771,0
1772,0
1773,0
1774,0
1775,0
1776,0
1777,0
1778,0
1779,0
1780,0
1781,0
1782,0
1783,0
1784,0
1785,0
1786,0
1787,0
1788,0
1789,0
1790,0
1791,0
1792,0
1793,0
1794,0
1795,0
1796,0
1797,0
1798,0
1799,0
1800,0
1801,0
1802,0
1803,0
1804,0
1805,0
1806,0
1807,0
1808,0
1809,0
1810,0
1811,0
1812,0
1813,0
1814,0
1815,0
1816,0
1817,0
1818,0
1819,0
1820,0
1821,0
1822,0
1823,0
1824,0
1825,0
1826,0
1827,0
1828,0
1829,0
1830,0
1831,0
1832,0
1833,0
1834,0
1835,0
1836,0
1837,0
1838,0
1839,0
1840,0
1841,0
1842,0
1843,0
1844,0
1845,0
1846,0
1847,0
1848,0
1849,0
1850,0
1851,0
1852,0
1853,0
1854,0
1855,0
1856,0
1857,0
1858,0
1859,0
1860,0
1861,0
1862,0
1863,0
1864,0
1865,0
1866,0
1867,0
1868,0
1869,0
1870,0
1871,0
1872,0
1873,0
1874,0
1875,0
1876,0
1877,0
1878,0
1879,0
1880,0
1881,0
1882,0
1883,0
1884,0
1885,0
1886,0
1887,0
1888,0
1889,0
1890,0
1891,0
1892,0
1893,0
1894,0
1895,0
1896,0
1897,0
1898,0
1899,0
1900,0
1901,0
1902,0
1903,0
1904,0
1905,0
1906,0
1907,0
1908,0
1909,0
1910,0
1911,0
1912,0
1913,0
1914,0
1915,0
1916,0
1917,0
1918,0
1919,0
1920,0
1921,0
1922,0
1923,0
1924,0
1925,0
1926,0
1927,0
1928,0
1929,0
1930,0
1931,0
1932,0
1933,0
1934,0
1935,0
1936,0
1937,0
1938,0
1939,0
1940,0
1941,0
1942,0
1943,0
1944,0
1945,0
1946,0
1947,0
1948,0
1949,0
1950,0
1951,0
1952,0
1953,0
1954,0
1955,0
1956,0
1957,0
1958,0
1959,0
1960,0
1961,0
1962,0
1963,0
1964,0
1965,0
1966,0
1967,0
1968,0
1969,0
1970,0
1971,0
1972,0
1973,0
1974,0
1975,0
1976,0
1977,0
1978,0
1979,0
1980,0
1981,0
1982,0
1983,0
1984,0
1985,0
1986,0
1987,0
1988,0
1989,0
1990,0
1991,0
1992,0
1993,0
1994,0
1995,0
1996,0
1997,0
1998,0
1999,0
2000,0
2001,0
2002,0
2003,0
2004,0
2005,0
2006,0
2007,0
2008,0
2009,0
2010,0
2011,0
2012,0
2013,0
2014,0
2015,0
2016,0
2017,0
2018,0
2019,0
2020,0
2021,0
2022,0
2023,0
2024,0
2025,0
2026,0
2027,0
2028,0
2029,0
2030,0
2031,0
2032,0
2033,0
2034,0
2035,0
2036,0
2037,0
2038,0
2039,0
2040,0
2041,0
2042,0
2043,0
2044,0
2045,0
2046,0
2047,0
2048,0
2049,0
2050,0
2051,0
2052,0
2053,0
2054,0
2055,0
2056,0
2057,0
2058,0
2059,0
2060,0
2061,0
2062,0
2063,0
2064,0
2065,0
2066,0
2067,0
2068,0
2069,0
2070,0
2071,0
2072,0
2073,0
2074,0
2075,0
2076,0
2077,0
2078,0
2079,0
2080,0
2081,0
2082,0
2083,0
2084,0
2085,0
2086,0
2087,0
2088,0
2089,0
2090,0
2091,0
2092,0
2093,0
2094,0
2095,0
2096,0
2097,0
2098,0
2099,0
2100,0
2101,0
2102,0
2103,0
2104,0
2105,0
2106,0
2107,0
2108,0
2109,0
2110,0
2111,0
2112,0
2113,0
2114,0
2115,0
2116,0
2117,0
2118,0
2119,0
2120,0
2121,0
2122,0
2123,0
2124,0
2125,0
2126,0
2127,0
2128,0
2129,0
2130,0
2131,0
2132,0
2133,0
2134,0
2135,0
2136,0
2137,0
2138,0
2139,0
2140,0
2141,0
2142,0
2143,0
2144,0
2145,0
2146,0
2147,0
2148,0
2149,0
2150,0
2151,0
2152,0
2153,0
2154,0
2155,0
2156,0
2157,0
2158,0
2159,0
2160,0
2161,0
2162,0
2163,0
2164,0
2165,0
2166,0
2167,0
2168,0
2169,0
2170,0
2171,0
2172,0
2173,0
2174,0
2175,0
2176,0
2177,0
2178,0
2179,0
2180,0
2181,0
2182,0
2183,0
2184,0
2185,0
2186,0
2187,0
2188,0
2189,0
2190,0
2191,0
2192,0
2193,0
2194,0
2195,0
2196,0
2197,0
2198,0
2199,0
2200,0
2201,0
2202,0
2203,0
2204,0
2205,0
2206,0
2207,0
2208,0
2209,0
2210,0
2211,0
2212,0
2213,0
2214,0
2215,0
2216,0
2217,0
2218,0
2219,0
2220,0
2221,0
2222,0
2223,0
2224,0
2225,0
2226,0
2227,0
2228,0
2229,0
2230,0
2231,0
2232,0
2233,0
2234,0
2235,0
2236,0
2237,0
2238,0
2239,0
2240,0
2241,0
2242,0
2243,0
2244,0
2245,0
2246,0
2247,0
2248,0
2249,0
2250,0
2251,0
2252,0
2253,0
2254,0
2255,0
2256,0
2257,0
2258,0
2259,0
2260,0
2261,0
2262,0
2263,0
2264,0
2265,0
2266,0
2267,0
2268,0
2269,0
2270,0
2271,0
2272,0
2273,0
2274,0
2275,0
2276,0
2277,0
2278,0
2279,0
2280,0
2281,0
2282,0
2283,0
2284,0
2285,0
2286,0
2287,0
2288,0
2289,0
2290,0
2291,0
2292,0
2293,0
2294,0
2295,0
2296,0
2297,0
2298,0
2299,0
2300,0
2301,0
2302,0
2303,0
2304,0
2305,0
2306,0
2307,0
2308,0
2309,0
2310,0
2311,0
2312,0
2313,0
2314,0
2315,0
2316,0
2317,0
2318,0
2319,0
2320,0
2321,0
2322,0
2323,0
2324,0
2325,0
2326,0
2327,0
2328,0
2329,0
2330,0
2331,0
2332,0
2333,0
2334,0
2335,0
2336,0
2337,0
2338,0
2339,0
2340,0
2341,0
2342,0
2343,0
2344,0
2345,0
2346,0
2347,0
2348,0
2349,0
2350,0
2351,0
2352,0
2353,0
2354,0
2355,0
2356,0
2357,0
2358,0
2359,0
2360,0
2361,0
2362,0
2363,0
2364,0
2365,0
2366,0
2367,0
2368,0
2369,0
2370,0
2371,0
2372,0
2373,0
2374,0
2375,0
2376,0
2377,0
2378,0
2379,0
2380,0
2381,0
2382,0
2383,0
2384,0
2385,0
2386,0
2387,0
2388,0
2389,0
2390,0
2391,0
2392,0
2393,0
2394,0
2395,0
2396,0
2397,0
2398,0
2399,0
2400,0
2401,0
2402,0
2403,0
2404,0
2405,0
2406,0
2407,0
2408,0
2409,0
2410,0
2411,0
2412,0
2413,0
2414,0
2415,0
2416,0
2417,0
2418,0
2419,0
2420,0
2421,0
2422,0
2423,0
2424,0
2425,0
2426,0
2427,0
2428,0
2429,0
2430,0
2431,0
2432,0
2433,0
2434,0
2435,0
2436,0
2437,0
2438,0
2439,0
2440,0
2441,0
2442,0
2443,0
2444,0
2445,0
2446,0
2447,0
2448,0
2449,0
2450,0
2451,0
2452,0
2453,0
2454,0
2455,0
2456,0
2457,0
2458,0
2459,0
2460,0
2461,0
2462,0
2463,0
2464,0
2465,0
2466,0
2467,0
2468,0
2469,0
2470,0
2471,0
2472,0
2473,0
2474,0
2475,0
2476,0
2477,0
2478,0
2479,0
2480,0
2481,0
2482,0
2483,0
2484,0
2485,0
2486,0
2487,0
2488,0
2489,0
2490,0
2491,0
2492,0
2493,0
2494,0
2495,0
2496,0
2497,0
2498,0
2499,0
2500,0
2501,0
2502,0
2503,0
2504,0
2505,0
2506,0
2507,0
2508,0
2509,0
2510,0
2511,0
2512,0
2513,0
2514,0
2515,0
2516,0
2517,0
2518,0
2519,0
2520,0
2521,0
2522,0
2523,0
2524,0
2525,0
2526,0
2527,0
2528,0
2529,0
2530,0
2531,0
2532,0
2533,0
2534,0
2535,0
2536,0
2537,0
2538,0
2539,0
2540,0
2541,0
2542,0
2543,0
2544,0
2545,0
2546,0
2547,0
2548,0
2549,0
2550,0
2551,0
2552,0
2553,0
2554,0
2555,0
2556,0
2557,0
2558,0
2559,0
2560,0
2561,0
2562,0
2563,0
2564,0
2565,0
2566,0
2567,0
2568,0
2569,0
2570,0
2571,0
2572,0
2573,0
2574,0
2575,0
2576,0
2577,0
2578,0
2579,0
2580,0
2581,0
2582,0
2583,0
2584,0
2585,0
2586,0
2587,0
2588,0
2589,0
2590,0
2591,0
2592,0
2593,0
2594,0
2595,0
2596,0
2597,0
2598,0
2599,0
2600,0
2601,0
2602,0
2603,0
2604,0
2605,0
2606,0
2607,0
2608,0
2609,0
2610,0
2611,0
2612,0
2613,0
2614,0
2615,0
2616,0
2617,0
2618,0
2619,0
2620,0
2621,0
2622,0
2623,0
2624,0
2625,0
2626,0
2627,0
2628,0
2629,0
2630,0
2631,0
2632,0
2633,0
2634,0
2635,0
2636,0
2637,0
2638,0
2639,0
2640,0
2641,0
2642,0
2643,0
2644,0
2645,0
2646,0
2647,0
2648,0
2649,0
2650,0
2651,0
2652,0
2653,0
2654,0
2655,0
2656,0
2657,0
2658,0
2659,0
2660,0
2661,0
2662,0
2663,0
2664,0
2665,0
2666,0
2667,0
2668,0
2669,0
2670,0
2671,0
2672,0
2673,0
2674,0
2675,0
2676,0
2677,0
2678,0
2679,0
2680,0
2681,0
2682,0
2683,0
2684,0
2685,0
2686,0
2687,0
2688,0
2689,0
2690,0
2691,0
2692,0
2693,0
2694,0
2695,0
2696,0
2697,0
2698,0
2699,0
2700,0
2701,0
2702,0
2703,0
2704,0
2705,0
2706,0
2707,0
2708,0
2709,0
2710,0
2711,0
2712,0
2713,0
2714,0
2715,0
2716,0
2717,0
2718,0
2719,0
2720,0
2721,0
2722,0
2723,0
2724,0
2725,0
2726,0
2727,0
2728,0
2729,0
2730,0
2731,0
2732,0
2733,0
2734,0
2735,0
2736,0
2737,0
2738,0
2739,0
2740,0
2741,0
2742,0
2743,0
2744,0
2745,0
2746,0
2747,0
2748,0
2749,0
2750,0
2751,0
2752,0
2753,0
2754,0
2755,0
2756,0
2757,0
2758,0
2759,0
2760,0
2761,0
2762,0
2763,0
2764,0
2765,0
2766,0
2767,0
2768,0
2769,0
2770,0
2771,0
2772,0
2773,0
2774,0
2775,0
2776,0
2777,0
2778,0
2779,0
2780,0
2781,0
2782,0
2783,0
2784,0
2785,0
2786,0
2787,0
2788,0
2789,0
2790,0
2791,0
2792,0
2793,0
2794,0
2795,0
2796,0
2797,0
2798,0
2799,0
2800,0
2801,0
2802,0
2803,0
2804,0
2805,0
2806,0
2807,0
2808,0
2809,0
2810,0
2811,0
2812,0
2813,0
2814,0
2815,0
2816,0
2817,0
2818,0
2819,0
2820,0
2821,0
2822,0
2823,0
2824,0
2825,0
2826,0
2827,0
2828,0
2829,0
2830,0
2831,0
2832,0
2833,0
2834,0
2835,0
2836,0
2837,0
2838,0
2839,0
2840,0
2841,0
2842,0
2843,0
2844,0
2845,0
2846,0
2847,0
2848,0
2849,0
2850,0
2851,0
2852,0
2853,0
2854,0
2855,0
2856,0
2857,0
2858,0
2859,0
2860,0
2861,0
2862,0
2863,0
2864,0
2865,0
2866,0
2867,0
2868,0
2869,0
2870,0
2871,0
2872,0
2873,0
2874,0
2875,0
2876,0
2877,0
2878,0
2879,0
2880,0
2881,0
2882,0
2883,0
2884,0
2885,0
2886,0
2887,0
2888,0
2889,0
2890,0
2891,0
2892,0
2893,0
2894,0
2895,0
2896,0
2897,0
2898,0
2899,0
2900,0
2901,0
2902,0
2903,0
2904,0
2905,0
2906,0
2907,0
2908,0
2909,0
2910,0
2911,0
2912,0
2913,0
2914,0
2915,0
2916,0
2917,0
2918,0
2919,0
2920,0
2921,0
2922,0
2923,0
2924,0
2925,0
2926,0
2927,0
2928,0
2929,0
2930,0
2931,0
2932,0
2933,0
2934,0
2935,0
2936,0
2937,0
2938,0
2939,0
2940,0
2941,0
2942,0
2943,0
2944,0
2945,0
2946,0
2947,0
2948,0
2949,0
2950,0
2951,0
2952,0
2953,0
2954,0
2955,0
2956,0
2957,0
2958,0
2959,0
2960,0
2961,0
2962,0
2963,0
2964,0
2965,0
2966,0
2967,0
2968,0
2969,0
2970,0
2971,0
2972,0
2973,0
2974,0
2975,0
2976,0
2977,0
2978,0
2979,0
2980,0
2981,0
2982,0
2983,0
2984,0
2985,0
2986,0
2987,0
2988,0
2989,0
2990,0
2991,0
2992,0
2993,0
2994,0
2995,0
2996,0
2997,0
2998,0
2999,0
3000,0
3001,0
3002,0
3003,0
3004,0
3005,0
3006,0
3007,0
3008,0
3009,0
3010,0
3011,0
3012,0
3013,0
3014,0
3015,0
3016,0
3017,0
3018,0
3019,0
3020,0
3021,0
3022,0
3023,0
3024,0
3025,0
3026,0
3027,0
3028,0
3029,0
3030,0
3031,0
3032,0
3033,0
3034,0
3035,0
3036,0
3037,0
3038,0
3039,0
3040,0
3041,0
3042,0
3043,0
3044,0
3045,0
3046,0
3047,0
3048,0
3049,0
3050,0
3051,0
3052,0
3053,0
3054,0
3055,0
3056,0
3057,0
3058,0
3059,0
3060,0
3061,0
3062,0
3063,0
3064,0
3065,0
3066,0
3067,0
3068,0
3069,0
3070,0
3071,0
3072,0
3073,0
3074,0
3075,0
3076,0
3077,0
3078,0
3079,0
3080,0
3081,0
3082,0
3083,0
3084,0
3085,0
3086,0
3087,0
3088,0
3089,0
3090,0
3091,0
3092,0
3093,0
3094,0
3095,0
3096,0
3097,0
3098,0
3099,0
3100,0
3101,0
3102,0
3103,0
3104,0
3105,0
3106,0
3107,0
3108,0
3109,0
3110,0
3111,0
3112,0
3113,0
3114,0
3115,0
3116,0
3117,0
3118,0
3119,0
3120,0
3121,0
3122,0
3123,0
3124,0
3125,0
3126,0
3127,0
3128,0
3129,0
3130,0
3131,0
3132,0
3133,0
3134,0
3135,0
3136,0
3137,0
3138,0
3139,0
3140,0
3141,0
3142,0
3143,0
3144,0
3145,0
3146,0
3147,0
3148,0
3149,0
3150,0
3151,0
3152,0
3153,0
3154,0
3155,0
3156,0
3157,0
3158,0
3159,0
3160,0
3161,0
3162,0
3163,0
3164,0
3165,0
3166,0
3167,0
3168,0
3169,0
3170,0
3171,0
3172,0
3173,0
3174,0
3175,0
3176,0
3177,0
3178,0
3179,0
3180,0
3181,0
3182,0
3183,0
3184,0
3185,0
3186,0
3187,0
3188,0
3189,0
3190,0
3191,0
3192,0
3193,0
3194,0
3195,0
3196,0
3197,0
3198,0
3199,0
3200,0
3201,0
3202,0
3203,0
3204,0
3205,0
3206,0
3207,0
3208,0
3209,0
3210,0
3211,0
3212,0
3213,0
3214,0
3215,0
3216,0
3217,0
3218,0
3219,0
3220,0
3221,0
3222,0
3223,0
3224,0
3225,0
3226,0
3227,0
3228,0
3229,0
3230,0
3231,0
3232,0
3233,0
3234,0
3235,0
3236,0
3237,0
3238,0
3239,0
3240,0
3241,0
3242,0
3243,0
3244,0
3245,0
3246,0
3247,0
3248,0
3249,0
3250,0
3251,0
3252,0
3253,0
3254,0
3255,0
3256,0
3257,0
3258,0
3259,0
3260,0
3261,0
3262,0
3263,0
3264,0
3265,0
3266,0
3267,0
3268,0
3269,0
3270,0
3271,0
3272,0
3273,0
3274,0
3275,0
3276,0
3277,0
3278,0
3279,0
3280,0
3281,0
3282,0
3283,0
3284,0
3285,0
3286,0
3287,0
3288,0
3289,0
3290,0
3291,0
3292,0
3293,0
3294,0
3295,0
3296,0
3297,0
3298,0
3299,0
3300,0
3301,0
3302,0
3303,0
3304,0
3305,0
3306,0
3307,0
3308,0
3309,0
3310,0
3311,0
3312,0
3313,0
3314,0
3315,0
3316,0
3317,0
3318,0
3319,0
3320,0
3321,0
3322,0
3323,0
3324,0
3325,0
3326,0
3327,0
3328,0
3329,0
3330,0
3331,0
3332,0
3333,0
3334,0
3335,0
3336,0
3337,0
3338,0
3339,0
3340,0
3341,0
3342,0
3343,0
3344,0
3345,0
3346,0
3347,0
3348,0
3349,0
3350,0
3351,0
3352,0
3353,0
3354,0
3355,0
3356,0
3357,0
3358,0
3359,0
3360,0
3361,0
3362,0
3363,0
3364,0
3365,0
3366,0
3367,0
3368,0
3369,0
3370,0
3371,0
3372,0
3373,0
3374,0
3375,0
3376,0
3377,0
3378,0
3379,0
3380,0
3381,0
3382,0
3383,0
3384,0
3385,0
3386,0
3387,0
3388,0
3389,0
3390,0
3391,0
3392,0
3393,0
3394,0
3395,0
3396,0
3397,0
3398,0
3399,0
3400,0
3401,0
3402,0
3403,0
3404,0
3405,0
3406,0
3407,0
3408,0
3409,0
3410,0
3411,0
3412,0
3413,0
3414,0
3415,0
3416,0
3417,0
3418,0
3419,0
3420,0
3421,0
3422,0
3423,0
3424,0
3425,0
3426,0
3427,0
3428,0
3429,0
3430,0
3431,0
3432,0
3433,0
3434,0
3435,0
3436,0
3437,0
3438,0
3439,0
3440,0
3441,0
3442,0
3443,0
3444,0
3445,0
3446,0
3447,0
3448,0
3449,0
3450,0
3451,0
3452,0
3453,0
3454,0
3455,0
3456,0
3457,0
3458,0
3459,0
3460,0
3461,0
3462,0
3463,0
3464,0
3465,0
3466,0
3467,0
3468,0
3469,0
3470,0
3471,0
3472,0
3473,0
3474,0
3475,0
3476,0
3477,0
3478,0
3479,0
3480,0
3481,0
3482,0
3483,0
3484,0
3485,0
3486,0
3487,0
3488,0
3489,0
3490,0
3491,0
3492,0
3493,0
3494,0
3495,0
3496,0
3497,0
3498,0
3499,0
3500,0
3501,0
3502,0
3503,0
3504,0
3505,0
3506,0
3507,0
3508,0
3509,0
3510,0
3511,0
3512,0
3513,0
3514,0
3515,0
3516,0
3517,0
3518,0
3519,0
3520,0
3521,0
3522,0
3523,0
3524,0
3525,0
3526,0
3527,0
3528,0
3529,0
3530,0
3531,0
3532,0
3533,0
3534,0
3535,0
3536,0
3537,0
3538,0
3539,0
3540,0
3541,0
3542,0
3543,0
3544,0
3545,0
3546,0
3547,0
3548,0
3549,0
3550,0
3551,0
3552,0
3553,0
3554,0
3555,0
3556,0
3557,0
3558,0
3559,0
3560,0
3561,0
3562,0
3563,0
3564,0
3565,0
3566,0
3567,0
3568,0
3569,0
3570,0
3571,0
3572,0
3573,0
3574,0
3575,0
3576,0
3577,0
3578,0
3579,0
3580,0
3581,0
3582,0
3583,0
3584,0
3585,0
3586,0
3587,0
3588,0
3589,0
3590,0
3591,0
3592,0
3593,0
3594,0
3595,0
3596,0
3597,0
3598,0
3599,0
3600,0
3601,0
3602,0
3603,0
3604,0
3605,0
3606,0
3607,0
3608,0
3609,0
3610,0
3611,0
3612,0
3613,0
3614,0
3615,0
3616,0
3617,0
3618,0
3619,0
3620,0
3621,0
3622,0
3623,0
3624,0
3625,0
3626,0
3627,0
3628,0
3629,0
3630,0
3631,0
3632,0
3633,0
3634,0
3635,0
3636,0
3637,0
3638,0
3639,0
3640,0
3641,0
3642,0
3643,0
3644,0
3645,0
3646,0
3647,0
3648,0
3649,0
3650,0
3651,0
3652,0
3653,0
3654,0
3655,0
3656,0
3657,0
3658,0
3659,0
3660,0
3661,0
3662,0
3663,0
3664,0
3665,0
3666,0
3667,0
3668,0
3669,0
3670,0
3671,0
3672,0
3673,0
3674,0
3675,0
3676,0
3677,0
3678,0
3679,0
3680,0
3681,0
3682,0
3683,0
3684,0
3685,0
3686,0
3687,0
3688,0
3689,0
3690,0
3691,0
3692,0
3693,0
3694,0
3695,0
3696,0
3697,0
3698,0
3699,0
3700,0
3701,0
3702,0
3703,0
3704,0
3705,0
3706,0
3707,0
3708,0
3709,0
3710,0
3711,0
3712,0
3713,0
3714,0
3715,0
3716,0
3717,0
3718,0
3719,0
3720,0
3721,0
3722,0
3723,0
3724,0
3725,0
3726,0
3727,0
3728,0
3729,0
3730,0
3731,0
3732,0
3733,0
3734,0
3735,0
3736,0
3737,0
3738,0
3739,0
3740,0
3741,0
3742,0
3743,0
3744,0
3745,0
3746,0
3747,0
3748,0
3749,0
3750,0
3751,0
3752,0
3753,0
3754,0
3755,0
3756,0
3757,0
3758,0
3759,0
3760,0
3761,0
3762,0
3763,0
3764,0
3765,0
3766,0
3767,0
3768,0
3769,0
3770,0
3771,0
3772,0
3773,0
3774,0
3775,0
3776,0
3777,0
3778,0
3779,0
3780,0
3781,0
3782,0
3783,0
3784,0
3785,0
3786,0
3787,0
3788,0
3789,0
3790,0
3791,0
3792,0
3793,0
3794,0
3795,0
3796,0
3797,0
3798,0
3799,0
3800,0
3801,0
3802,0
3803,0
3804,0
3805,0
3806,0
3807,0
3808,0
3809,0
3810,0
3811,0
3812,0
3813,0
3814,0
3815,0
3816,0
3817,0
3818,0
3819,0
3820,0
3821,0
3822,0
3823,0
3824,0
3825,0
3826,0
3827,0
3828,0
3829,0
3830,0
3831,0
3832,0
3833,0
3834,0
3835,0
3836,0
3837,0
3838,0
3839,0
3840,0
3841,0
3842,0
3843,0
3844,0
3845,0
3846,0
3847,0
3848,0
3849,0
3850,0
3851,0
3852,0
3853,0
3854,0
3855,0
3856,0
3857,0
3858,0
3859,0
3860,0
3861,0
3862,0
3863,0
3864,0
3865,0
3866,0
3867,0
3868,0
3869,0
3870,0
3871,0
3872,0
3873,0
3874,0
3875,0
3876,0
3877,0
3878,0
3879,0
3880,0
3881,0
3882,0
3883,0
3884,0
3885,0
3886,0
3887,0
3888,0
3889,0
3890,0
3891,0
3892,0
3893,0
3894,0
3895,0
3896,0
3897,0
3898,0
3899,0
3900,0
3901,0
3902,0
3903,0
3904,0
3905,0
3906,0
3907,0
3908,0
3909,0
3910,0
3911,0
3912,0
3913,0
3914,0
3915,0
3916,0
3917,0
3918,0
3919,0
3920,0
3921,0
3922,0
3923,0
3924,0
3925,0
3926,0
3927,0
3928,0
3929,0
3930,0
3931,0
3932,0
3933,0
3934,0
3935,0
3936,0
3937,0
3938,0
3939,0
3940,0
3941,0
3942,0
3943,0
3944,0
3945,0
3946,0
3947,0
3948,0
3949,0
3950,0
3951,0
3952,0
3953,0
3954,0
3955,0
3956,0
3957,0
3958,0
3959,0
3960,0
3961,0
3962,0
3963,0
3964,0
3965,0
3966,0
3967,0
3968,0
3969,0
3970,0
3971,0
3972,0
3973,0
3974,0
3975,0
3976,0
3977,0
3978,0
3979,0
3980,0
3981,0
3982,0
3983,0
3984,0
3985,0
3986,0
3987,0
3988,0
3989,0
3990,0
3991,0
3992,0
3993,0
3994,0
3995,0
3996,0
3997,0
3998,0
3999,0
4000,0
4001,0
4002,0
4003,0
4004,0
4005,0
4006,0
4007,0
4008,0
4009,0
4010,0
4011,0
4012,0
4013,0
4014,0
4015,0
4016,0
4017,0
4018,0
4019,0
4020,0
4021,0
4022,0
4023,0
4024,0
4025,0
4026,0
4027,0
4028,0
4029,0
4030,0
4031,0
4032,0
4033,0
4034,0
4035,0
4036,0
4037,0
4038,0
4039,0
4040,0
4041,0
4042,0
4043,0
4044,0
4045,0
4046,0
4047,0
4048,0
4049,0
4050,0
4051,0
4052,0
4053,0
4054,0
4055,0
4056,0
4057,0
4058,0
4059,0
4060,0
4061,0
4062,0
4063,0
4064,0
4065,0
4066,0
4067,0
4068,0
4069,0
4070,0
4071,0
4072,0
4073,0
4074,0
4075,0
4076,0
4077,0
4078,0
4079,0
4080,0
4081,0
4082,0
4083,0
4084,0
4085,0
4086,0
4087,0
4088,0
4089,0
4090,0
4091,0
4092,0
4093,0
4094,0
4095,0
4096,0
4097,0
4098,0
4099,0
4100,0
4101,0
4102,0
4103,0
4104,0
4105,0
4106,0
4107,0
4108,0
4109,0
4110,0
4111,0
4112,0
4113,0
4114,0
4115,0
4116,0
4117,0
4118,0
4119,0
4120,0
4121,0
4122,0
4123,0
4124,0
4125,0
4126,0
4127,0
4128,0
4129,0
4130,0
4131,0
4132,0
4133,0
4134,0
4135,0
4136,0
4137,0
4138,0
4139,0
4140,0
4141,0
4142,0
4143,0
4144,0
4145,0
4146,0
4147,0
4148,0
4149,0
4150,0
4151,0
4152,0
4153,0
4154,0
4155,0
4156,0
4157,0
4158,0
4159,0
4160,0
4161,0
4162,0
4163,0
4164,0
4165,0
4166,0
4167,0
4168,0
4169,0
4170,0
4171,0
4172,0
4173,0
4174,0
4175,0
4176,0
4177,0
4178,0
4179,0
4180,0
4181,0
4182,0
4183,0
4184,0
4185,0
4186,0
4187,0
4188,0
4189,0
4190,0
4191,0
4192,0
4193,0
4194,0
4195,0
4196,0
4197,0
4198,0
4199,0
4200,0
4201,0
4202,0
4203,0
4204,0
4205,0
4206,0
4207,0
4208,0
4209,0
4210,0
4211,0
4212,0
4213,0
4214,0
4215,0
4216,0
4217,0
4218,0
4219,0
4220,0
4221,0
4222,0
4223,0
4224,0
4225,0
4226,0
4227,0
4228,0
4229,0
4230,0
4231,0
4232,0
4233,0
4234,0
4235,0
4236,0
4237,0
4238,0
4239,0
4240,0
4241,0
4242,0
4243,0
4244,0
4245,0
4246,0
4247,0
4248,0
4249,0
4250,0
4251,0
4252,0
4253,0
4254,0
4255,0
4256,0
4257,0
4258,0
4259,0
4260,0
4261,0
4262,0
4263,0
4264,0
4265,0
4266,0
4267,0
4268,0
4269,0
4270,0
4271,0
4272,0
4273,0
4274,0
4275,0
4276,0
4277,0
4278,0
4279,0
4280,0
4281,0
4282,0
4283,0
4284,0
4285,0
4286,0
4287,0
4288,0
4289,0
4290,0
4291,0
4292,0
4293,0
4294,0
4295,0
4296,0
4297,0
4298,0
4299,0
4300,0
4301,0
4302,0
4303,0
4304,0
4305,0
4306,0
4307,0
4308,0
4309,0
4310,0
4311,0
4312,0
4313,0
4314,0
4315,0
4316,0
4317,0
4318,0
4319,0
4320,0
4321,0
4322,0
4323,0
4324,0
4325,0
4326,0
4327,0
4328,0
4329,0
4330,0
4331,0
4332,0
4333,0
4334,0
4335,0
4336,0
4337,0
4338,0
4339,0
4340,0
4341,0
4342,0
4343,0
4344,0
4345,0
4346,0
4347,0
4348,0
4349,0
4350,0
4351,0
4352,0
4353,0
4354,0
4355,0
4356,0
4357,0
4358,0
4359,0
4360,0
4361,0
4362,0
4363,0
4364,0
4365,0
4366,0
4367,0
4368,0
4369,0
4370,0
4371,0
4372,0
4373,0
4374,0
4375,0
4376,0
4377,0
4378,0
4379,0
4380,0
4381,0
4382,0
4383,0
4384,0
4385,0
4386,0
4387,0
4388,0
4389,0
4390,0
4391,0
4392,0
4393,0
4394,0
4395,0
4396,0
4397,0
4398,0
4399,0
4400,0
4401,0
4402,0
4403,0
4404,0
4405,0
4406,0
4407,0
4408,0
4409,0
4410,0
4411,0
4412,0
4413,0
4414,0
4415,0
4416,0
4417,0
4418,0
4419,0
4420,0
4421,0
4422,0
4423,0
4424,0
4425,0
4426,0
4427,0
4428,0
4429,0
4430,0
4431,0
4432,0
4433,0
4434,0
4435,0
4436,0
4437,0
4438,0
4439,0
4440,0
4441,0
4442,0
4443,0
4444,0
4445,0
4446,0
4447,0
4448,0
4449,0
4450,0
4451,0
4452,0
4453,0
4454,0
4455,0
4456,0
4457,0
4458,0
4459,0
4460,0
4461,0
4462,0
4463,0
4464,0
4465,0
4466,0
4467,0
4468,0
4469,0
4470,0
4471,0
4472,0
4473,0
4474,0
4475,0
4476,0
4477,0
4478,0
4479,0
4480,0
4481,0
4482,0
4483,0
4484,0
4485,0
4486,0
4487,0
4488,0
4489,0
4490,0
4491,0
4492,0
4493,0
4494,0
4495,0
4496,0
4497,0
4498,0
4499,0
4500,0
4501,0
4502,0
4503,0
4504,0
4505,0
4506,0
4507,0
4508,0
4509,0
4510,0
4511,0
4512,0
4513,0
4514,0
4515,0
4516,0
4517,0
4518,0
4519,0
4520,0
4521,0
4522,0
4523,0
4524,0
4525,0
4526,0
4527,0
4528,0
4529,0
4530,0
4531,0
4532,0
4533,0
4534,0
4535,0
4536,0
4537,0
4538,0
4539,0
4540,0
4541,0
4542,0
4543,0
4544,0
4545,0
4546,0
4547,0
4548,0
4549,0
4550,0
4551,0
4552,0
4553,0
4554,0
4555,0
4556,0
4557,0
4558,0
4559,0
4560,0
4561,0
4562,0
4563,0
4564,0
4565,0
4566,0
4567,0
4568,0
4569,0
4570,0
4571,0
4572,0
4573,0
4574,0
4575,0
4576,0
4577,0
4578,0
4579,0
4580,0
4581,0
4582,0
4583,0
4584,0
4585,0
4586,0
4587,0
4588,0
4589,0
4590,0
4591,0
4592,0
4593,0
4594,0
4595,0
4596,0
4597,0
4598,0
4599,0
4600,0
4601,0
4602,0
4603,0
4604,0
4605,0
4606,0
4607,0
4608,0
4609,0
4610,0
4611,0
4612,0
4613,0
4614,0
4615,0
4616,0
4617,0
4618,0
4619,0
4620,0
4621,0
4622,0
4623,0
4624,0
4625,0
4626,0
4627,0
4628,0
4629,0
4630,0
4631,0
4632,0
4633,0
4634,0
4635,0
4636,0
4637,0
4638,0
4639,0
4640,0
4641,0
4642,0
4643,0
4644,0
4645,0
4646,0
4647,0
4648,0
4649,0
4650,0
4651,0
4652,0
4653,0
4654,0
4655,0
4656,0
4657,0
4658,0
4659,0
4660,0
4661,0
4662,0
4663,0
4664,0
4665,0
4666,0
4667,0
4668,0
4669,0
4670,0
4671,0
4672,0
4673,0
4674,0
4675,0
4676,0
4677,0
4678,0
4679,0
4680,0
4681,0
4682,0
4683,0
4684,0
4685,0
4686,0
4687,0
4688,0
4689,0
4690,0
4691,0
4692,0
4693,0
4694,0
4695,0
4696,0
4697,0
4698,0
4699,0
4700,0
4701,0
4702,0
4703,0
4704,0
4705,0
4706,0
4707,0
4708,0
4709,0
4710,0
4711,0
4712,0
4713,0
4714,0
4715,0
4716,0
4717,0
4718,0
4719,0
4720,0
4721,0
4722,0
4723,0
4724,0
4725,0
4726,0
4727,0
4728,0
4729,0
4730,0
4731,0
4732,0
4733,0
4734,0
4735,0
4736,0
4737,0
4738,0
4739,0
4740,0
4741,0
4742,0
4743,0
4744,0
4745,0
4746,0
4747,0
4748,0
4749,0
4750,0
4751,0
4752,0
4753,0
4754,0
4755,0
4756,0
4757,0
4758,0
4759,0
4760,0
4761,0
4762,0
4763,0
4764,0
4765,0
4766,0
4767,0
4768,0
4769,0
4770,0
4771,0
4772,0
4773,0
4774,0
4775,0
4776,0
4777,0
4778,0
4779,0
4780,0
4781,0
4782,0
4783,0
4784,0
4785,0
4786,0
4787,0
4788,0
4789,0
4790,0
4791,0
4792,0
4793,0
4794,0
4795,0
4796,0
4797,0
4798,0
4799,0
4800,0
4801,0
4802,0
4803,0
4804,0
4805,0
4806,0
4807,0
4808,0
4809,0
4810,0
4811,0
4812,0
4813,0
4814,0
4815,0
4816,0
4817,0
4818,0
4819,0
4820,0
4821,0
4822,0
4823,0
4824,0
4825,0
4826,0
4827,0
4828,0
4829,0
4830,0
4831,0
4832,0
4833,0
4834,0
4835,0
4836,0
4837,0
4838,0
4839,0
4840,0
4841,0
4842,0
4843,0
4844,0
4845,0
4846,0
4847,0
4848,0
4849,0
4850,0
4851,0
4852,0
4853,0
4854,0
4855,0
4856,0
4857,0
4858,0
4859,0
4860,0
4861,0
4862,0
4863,0
4864,0
4865,0
4866,0
4867,0
4868,0
4869,0
4870,0
4871,0
4872,0
4873,0
4874,0
4875,0
4876,0
4877,0
4878,0
4879,0
4880,0
4881,0
4882,0
4883,0
4884,0
4885,0
4886,0
4887,0
4888,0
4889,0
4890,0
4891,0
4892,0
4893,0
4894,0
4895,0
4896,0
4897,0
4898,0
4899,0
4900,0
4901,0
4902,0
4903,0
4904,0
4905,0
4906,0
4907,0
4908,0
4909,0
4910,0
4911,0
4912,0
4913,0
4914,0
4915,0
4916,0
4917,0
4918,0
4919,0
4920,0
4921,0
4922,0
4923,0
4924,0
4925,0
4926,0
4927,0
4928,0
4929,0
4930,0
4931,0
4932,0
4933,0
4934,0
4935,0
4936,0
4937,0
4938,0
4939,0
4940,0
4941,0
4942,0
4943,0
4944,0
4945,0
4946,0
4947,0
4948,0
4949,0
4950,0
4951,0
4952,0
4953,0
4954,0
4955,0
4956,0
4957,0
4958,0
4959,0
4960,0
4961,0
4962,0
4963,0
4964,0
4965,0
4966,0
4967,0
4968,0
4969,0
4970,0
4971,0
4972,0
4973,0
4974,0
4975,0
4976,0
4977,0
4978,0
4979,0
4980,0
4981,0
4982,0
4983,0
4984,0
4985,0
4986,0
4987,0
4988,0
4989,0
4990,0
4991,0
4992,0
4993,0
4994,0
4995,0
4996,0
4997,0
4998,0
4999,0
5000,0
5001,0
5002,0
5003,0
5004,0
5005,0
5006,0
5007,0
5008,0
5009,0
5010,0
5011,0
5012,0
5013,0
5014,0
5015,0
5016,0
5017,0
5018,0
5019,0
5020,0
5021,0
5022,0
5023,0
5024,0
5025,0
5026,0
5027,0
5028,0
5029,0
5030,0
5031,0
5032,0
5033,0
5034,0
5035,0
5036,0
5037,0
5038,0
5039,0
5040,0
5041,0
5042,0
5043,0
5044,0
5045,0
5046,0
5047,0
5048,0
5049,0
5050,0
5051,0
5052,0
5053,0
5054,0
5055,0
5056,0
5057,0
5058,0
5059,0
5060,0
5061,0
5062,0
5063,0
5064,0
5065,0
5066,0
5067,0
5068,0
5069,0
5070,0
5071,0
5072,0
5073,0
5074,0
5075,0
5076,0
5077,0
5078,0
5079,0
5080,0
5081,0
5082,0
5083,0
5084,0
5085,0
5086,0
5087,0
5088,0
5089,0
5090,0
5091,0
5092,0
5093,0
5094,0
5095,0
5096,0
5097,0
5098,0
5099,0
5100,0
5101,0
5102,0
5103,0
5104,0
5105,0
5106,0
5107,0
5108,0
5109,0
5110,0
5111,0
5112,0
5113,0
5114,0
5115,0
5116,0
5117,0
5118,0
5119,0
5120,0
5121,0
5122,0
5123,0
5124,0
5125,0
5126,0
5127,0
5128,0
5129,0
5130,0
5131,0
5132,0
5133,0
5134,0
5135,0
5136,0
5137,0
5138,0
5139,0
5140,0
5141,0
5142,0
5143,0
5144,0
5145,0
5146,0
5147,0
5148,0
5149,0
5150,0
5151,0
5152,0
5153,0
5154,0
5155,0
5156,1
5157,1
5158,1
5159,1
5160,1
5161,1
5162,1
5163,1
5164,2
5165,3
5166,3
5167,3
5168,3
5169,3
5170,3
5171,3
5172,3
5173,3
5174,3
5175,3
5176,3
5177,3
5178,3
5179,3
5180,3
5181,4
5182,4
5183,4
5184,4
5185,4
5186,4
5187,4
5188,4
5189,4
5190,4
5191,4
5192,4
5193,4
5194,4
5195,4
5196,4
5197,4
5198,4
5199,5
5200,5
5201,5
5202,5
5203,5
5204,5
5205,5
5206,5
5207,5
5208,5
5209,5
5210,5
5211,5
5212,5
5213,5
5214,5
5215,5
5216,5
5217,6
5218,6
5219,6
5220,6
5221,6
5222,6
5223,6
5224,7
5225,7
5226,7
5227,7
5228,7
5229,7
5230,7
5231,7
5232,7
5233,7
5234,7
5235,7
5236,7
5237,7
5238,7
5239,7
5240,7
5241,7
5242,7
5243,7
5244,7
5245,7
5246,7
5247,7
5248,7
5249,7
5250,8
5251,8
5252,9
5253,9
5254,9
5255,9
5256,9
5257,9
5258,9
5259,9
5260,9
5261,10
5262,10
5263,10
5264,10
5265,10
5266,10
5267,10
5268,11
5269,11
5270,11
5271,11
5272,11
5273,11
5274,11
5275,11
5276,12
5277,12
5278,12
5279,12
5280,12
5281,12
5282,12
5283,12
5284,12
5285,12
5286,12
5287,12
5288,12
5289,12
5290,12
5291,12
5292,12
5293,12
5294,12
5295,13
5296,13
5297,13
5298,13
5299,13
5300,13
5301,13
5302,14
5303,14
5304,14
5305,14
5306,14
5307,14
5308,14
5309,14
5310,15
5311,15
5312,16
5313,16
5314,16
5315,16
5316,16
5317,16
5318,16
5319,16
5320,17
5321,17
5322,17
5323,17
5324,17
5325,17
5326,17
5327,17
5328,17
5329,17
5330,17
5331,17
5332,17
5333,17
5334,17
5335,17
5336,17
5337,17
5338,17
5339,17
5340,17
5341,17
5342,17
5343,17
5344,17
5345,17
5346,17
5347,17
5348,17
5349,17
5350,17
5351,17
5352,17
5353,17
5354,17
5355,17
5356,17
5357,17
5358,17
5359,17
5360,17
5361,17
5362,17
5363,17
5364,17
5365,17
5366,17
5367,17
5368,17
5369,17
5370,17
5371,17
5372,17
5373,17
5374,17
5375,17
5376,17
5377,17
5378,17
5379,17
5380,17
5381,17
5382,17
5383,17
5384,17
5385,17
5386,17
5387,17
5388,17
5389,17
5390,17
5391,17
5392,17
5393,17
5394,17
5395,17
5396,17
5397,17
5398,17
5399,17
5400,17
5401,17
5402,17
5403,17
5404,17
5405,17
5406,17
5407,17
5408,17
5409,17
5410,17
5411,17
5412,17
5413,17
5414,17
5415,17
5416,17
5417,17
5418,17
5419,17
5420,17
5421,17
5422,17
5423,17
5424,17
5425,17
5426,17
5427,17
5428,17
5429,17
5430,17
5431,17
5432,17
5433,17
5434,17
5435,17
5436,17
5437,17
5438,17
5439,17
5440,17
5441,17
5442,17
5443,17
5444,17
5445,17
5446,17
5447,17
5448,17
5449,17
5450,17
5451,17
5452,17
5453,17
5454,17
5455,17
5456,17
5457,17
5458,17
5459,17
5460,17
5461,17
5462,17
5463,17
5464,17
5465,17
5466,17
5467,17
5468,17
5469,17
5470,17
5471,17
5472,17
5473,17
5474,17
5475,17
5476,17
5477,17
5478,17
5479,17
5480,17
5481,17
5482,17
5483,17
5484,17
5485,17
5486,17
5487,17
5488,17
5489,17
5490,17
5491,17
5492,17
5493,17
5494,17
5495,17
5496,17
5497,17
5498,17
5499,17
5500,17
5501,17
5502,17
5503,17
5504,17
5505,17
5506,17
5507,17
5508,17
5509,17
5510,17
5511,17
5512,17
5513,17
5514,17
5515,17
5516,17
5517,17
5518,17
5519,17
5520,17
5521,17
5522,17
5523,17
5524,17
5525,17
5526,17
5527,17
5528,17
5529,17
5530,17
5531,17
5532,17
5533,17
5534,17
5535,17
5536,17
5537,17
5538,17
5539,17
5540,17
5541,17
5542,17
5543,17
5544,17
5545,17
5546,17
5547,17
5548,17
5549,17
5550,17
5551,17
5552,17
5553,17
5554,17
5555,17
5556,17
5557,17
5558,17
5559,17
5560,17
5561,17
5562,17
5563,17
5564,17
5565,17
5566,17
5567,17
5568,17
5569,17
5570,17
5571,17
5572,17
5573,17
5574,17
5575,17
5576,17
5577,17
5578,17
5579,17
5580,17
5581,17
5582,17
5583,17
5584,17
5585,17
5586,17
5587,17
5588,17
5589,17
5590,17
5591,17
5592,17
5593,17
5594,17
5595,17
5596,17
5597,17
5598,17
5599,17
5600,17
5601,17
5602,17
5603,17
5604,17
5605,17
5606,17
5607,17
5608,17
5609,17
5610,17
5611,17
5612,17
5613,17
5614,17
5615,17
5616,17
5617,17
5618,17
5619,17
5620,17
5621,17
5622,17
5623,17
5624,17
5625,17
5626,17
5627,17
5628,17
5629,17
5630,17
5631,17
5632,17
5633,17
5634,17
5635,17
5636,17
5637,17
5638,17
5639,17
5640,17
5641,17
5642,17
5643,17
5644,17
5645,17
5646,17
5647,17
5648,17
5649,17
5650,17
5651,17
5652,17
5653,17
5654,17
5655,17
5656,17
5657,17
5658,17
5659,17
5660,17
5661,17
5662,17
5663,17
5664,17
5665,17
5666,17
5667,17
5668,17
5669,17
5670,17
5671,17
5672,17
5673,17
5674,17
5675,17
5676,17
5677,17
5678,18
5679,18
5680,18
5681,18
5682,18
5683,18
5684,18
5685,19
5686,19
5687,19
5688,19
5689,19
5690,19
5691,19
5692,19
5693,20
5694,20
5695,20
5696,20
5697,20
5698,20
5699,20
5700,20
5701,20
5702,20
5703,20
5704,20
5705,20
5706,20
5707,20
5708,20
5709,20
5710,20
5711,20
5712,20
5713,20
5714,20
5715,20
5716,20
5717,20
5718,20
5719,20
5720,20
5721,20
5722,20
5723,20
5724,20
5725,20
5726,20
5727,20
5728,20
5729,20
5730,20
5731,20
5732,20
5733,20
5734,20
5735,20
5736,20
5737,20
5738,20
5739,20
5740,20
5741,20
5742,20
5743,20
5744,20
5745,20
5746,20
5747,20
5748,20
5749,20
5750,20
5751,20
5752,20
5753,20
5754,20
5755,20
5756,20
5757,20
5758,20
5759,20
5760,20
5761,20
5762,20
5763,20
5764,21
5765,22
5766,22
5767,22
5768,22
5769,22
5770,22
5771,22
5772,22
5773,22
5774,23
5775,23
5776,23
5777,23
5778,23
5779,23
5780,23
5781,24
5782,24
5783,24
5784,24
5785,24
5786,24
5787,24
5788,24
5789,25
5790,25
5791,25
5792,25
5793,25
5794,25
5795,25
5796,25
5797,25
5798,25
5799,25
5800,25
5801,25
5802,25
5803,25
5804,25
5805,25
5806,25
5807,25
5808,25
5809,25
5810,25
5811,25
5812,25
5813,25
5814,25
5815,25
5816,25
5817,25
5818,25
5819,25
5820,25
5821,25
5822,25
5823,25
5824,25
5825,25
5826,25
5827,25
5828,25
5829,25
5830,25
5831,25
5832,25
5833,25
5834,26
5835,26
5836,26
5837,26
5838,26
5839,26
5840,26
5841,26
5842,26
5843,26
5844,26
5845,26
5846,26
5847,27
5848,27
5849,27
5850,27
5851,27
5852,27
5853,27
5854,27
5855,28
5856,28
5857,28
5858,28
5859,28
5860,28
5861,28
5862,28
5863,28
5864,28
5865,28
5866,28
5867,28
5868,28
5869,28
5870,28
5871,28
5872,28
5873,28
5874,28
5875,28
5876,28
5877,28
5878,28
5879,28
5880,28
5881,29
5882,29
5883,29
5884,29
5885,29
5886,29
5887,29
5888,29
5889,30
5890,30
5891,30
5892,30
5893,30
5894,31
5895,31
5896,31
5897,31
5898,31
5899,31
5900,31
5901,31
5902,32
5903,32
5904,32
5905,32
5906,32
5907,32
5908,32
5909,32
5910,32
5911,32
5912,32
5913,32
5914,32
5915,32
5916,32
5917,32
5918,32
5919,32
5920,32
5921,32
5922,32
5923,32
5924,32
5925,32
5926,32
5927,32
5928,32
5929,32
5930,32
5931,32
5932,32
5933,32
5934,32
5935,32
5936,32
5937,32
5938,32
5939,32
5940,32
5941,32
5942,32
5943,32
5944,32
5945,32
5946,32
5947,32
5948,32
5949,32
5950,32
5951,32
5952,32
5953,32
5954,32
5955,32
5956,32
5957,33
5958,33
5959,33
5960,33
5961,33
5962,33
5963,33
5964,33
5965,33
5966,34
5967,34
5968,34
5969,34
5970,34
5971,34
5972,34
5973,34
5974,34
5975,34
5976,34
5977,34
5978,34
5979,34
5980,34
5981,34
5982,34
5983,34
5984,34
5985,34
5986,34
5987,34
5988,34
5989,34
5990,34
5991,34
5992,34
5993,34
5994,34
5995,34
5996,34
5997,34
5998,34
5999,34
6000,34
6001,34
6002,34
6003,34
6004,34
6005,34
6006,34
6007,34
6008,34
6009,34
6010,34
6011,34
6012,34
6013,34
6014,34
6015,34
6016,34
6017,35
6018,35
6019,35
6020,35
6021,35
6022,35
6023,35
6024,35
6025,36
6026,36
6027,36
6028,36
6029,36
6030,36
6031,36
6032,36
6033,36
6034,36
6035,36
6036,36
6037,36
6038,36
6039,36
6040,36
6041,36
6042,36
6043,36
6044,36
6045,36
6046,36
6047,36
6048,36
6049,36
6050,36
6051,36
6052,36
6053,36
6054,36
6055,36
6056,36
6057,36
6058,36
6059,36
6060,36
6061,36
6062,36
6063,36
6064,36
6065,36
6066,36
6067,36
6068,36
6069,36
6070,36
6071,36
6072,36
6073,36
6074,36
6075,36
6076,36
6077,36
6078,36
6079,36
6080,36
6081,36
6082,36
6083,36
6084,36
6085,36
6086,36
6087,36
6088,36
6089,36
6090,36
6091,36
6092,36
6093,36
6094,36
6095,36
6096,36
6097,36
6098,36
6099,36
6100,36
6101,36
6102,36
6103,36
6104,36
6105,36
6106,36
6107,36
6108,36
6109,36
6110,36
6111,36
6112,36
6113,36
6114,36
6115,36
6116,36
6117,36
6118,36
6119,36
6120,36
6121,36
6122,36
6123,36
6124,36
6125,36
6126,36
6127,36
6128,36
6129,36
6130,36
6131,36
6132,36
6133,36
6134,36
6135,36
6136,36
6137,36
6138,36
6139,36
6140,36
6141,36
6142,36
6143,36
6144,36
6145,36
6146,36
6147,36
6148,37
6149,37
6150,37
6151,37
6152,37
6153,37
6154,38
6155,38
6156,40
6157,40
6158,40
6159,40
6160,40
6161,40
6162,40
6163,40
6164,40
6165,41
6166,41
6167,41
6168,41
6169,41
6170,41
6171,41
6172,41
6173,42
6174,43
6175,43
6176,43
6177,43
6178,43
6179,43
6180,43
6181,43
6182,43
6183,43
6184,43
6185,43
6186,43
6187,43
6188,43
6189,43
6190,43
6191,43
6192,43
6193,43
6194,43
6195,43
6196,43
6197,43
6198,43
6199,43
6200,43
6201,43
6202,43
6203,43
6204,43
6205,43
6206,43
6207,43
6208,43
6209,43
6210,43
6211,43
6212,43
6213,43
6214,43
6215,43
6216,43
6217,43
6218,43
6219,43
6220,43
6221,43
6222,43
6223,43
6224,43
6225,43
6226,43
6227,43
6228,43
6229,43
6230,43
6231,43
6232,43
6233,43
6234,43
6235,43
6236,43
6237,43
6238,43
6239,43
6240,43
6241,43
6242,43
6243,43
6244,43
6245,43
6246,43
6247,43
6248,43
6249,43
6250,43
6251,43
6252,43
6253,43
6254,43
6255,43
6256,43
6257,43
6258,43
6259,43
6260,43
6261,43
6262,43
6263,43
6264,43
6265,43
6266,43
6267,43
6268,43
6269,43
6270,43
6271,43
6272,43
6273,43
6274,43
6275,43
6276,43
6277,43
6278,43
6279,43
6280,43
6281,43
6282,43
6283,43
6284,43
6285,43
6286,43
6287,43
6288,43
6289,43
6290,43
6291,43
6292,43
6293,43
6294,43
6295,43
6296,43
6297,43
6298,43
6299,43
6300,43
6301,43
6302,43
6303,43
6304,43
6305,43
6306,44
6307,44
6308,44
6309,44
6310,44
6311,44
6312,44
6313,44
6314,44
6315,44
6316,44
6317,44
6318,44
6319,44
6320,44
6321,44
6322,44
6323,44
6324,44
6325,44
6326,44
6327,44
6328,44
6329,44
6330,44
6331,44
6332,44
6333,44
6334,44
6335,44
6336,44
6337,44
6338,44
6339,44
6340,44
6341,44
6342,44
6343,44
6344,44
6345,44
6346,44
6347,44
6348,44
6349,44
6350,44
6351,44
6352,44
6353,44
6354,44
6355,44
6356,44
6357,44
6358,44
6359,44
6360,44
6361,44
6362,44
6363,44
6364,44
6365,44
6366,44
6367,44
6368,44
6369,44
6370,44
6371,44
6372,44
6373,44
6374,44
6375,44
6376,44
6377,44
6378,44
6379,44
6380,44
6381,44
6382,44
6383,44
6384,44
6385,44
6386,44
6387,44
6388,44
6389,44
6390,44
6391,44
6392,44
6393,44
6394,44
6395,44
6396,44
6397,44
6398,44
6399,44
6400,44
6401,44
6402,44
6403,44
6404,44
6405,44
6406,44
6407,44
6408,44
6409,44
6410,44
6411,44
6412,44
6413,44
6414,44
6415,44
6416,44
6417,44
6418,44
6419,44
6420,44
6421,44
6422,44
6423,44
6424,44
6425,44
6426,44
6427,44
6428,44
6429,44
6430,44
6431,44
6432,44
6433,44
6434,44
6435,44
6436,44
6437,44
6438,44
6439,44
6440,44
6441,44
6442,44
6443,44
6444,44
6445,44
6446,44
6447,44
6448,44
6449,44
6450,44
6451,44
6452,44
6453,44
6454,44
6455,44
6456,44
6457,44
6458,44
6459,44
6460,45
6461,45
6462,45
6463,45
6464,45
6465,45
6466,45
6467,45
6468,45
6469,45
6470,45
6471,45
6472,45
6473,45
6474,45
6475,45
6476,45
6477,45
6478,45
6479,45
6480,45
6481,45
6482,45
6483,45
6484,45
6485,45
6486,45
6487,45
6488,45
6489,45
6490,45
6491,45
6492,45
6493,45
6494,45
6495,45
6496,45
6497,45
6498,45
6499,45
6500,45
6501,45
6502,45
6503,45
6504,45
6505,45
6506,45
6507,45
6508,45
6509,45
6510,45
6511,45
6512,45
6513,45
6514,45
6515,45
6516,45
6517,45
6518,45
6519,45
6520,45
6521,45
6522,45
6523,45
6524,45
6525,45
6526,45
6527,45
6528,45
6529,45
6530,45
6531,45
6532,45
6533,45
6534,45
6535,45
6536,45
6537,45
6538,45
6539,45
6540,45
6541,45
6542,45
6543,45
6544,45
6545,46
6546,46
6547,46
6548,46
6549,46
6550,46
6551,46
6552,46
6553,46
6554,47
6555,47
6556,47
6557,47
6558,47
6559,47
6560,47
6561,47
6562,47
6563,47
6564,47
6565,47
6566,47
6567,47
6568,47
6569,47
6570,47
6571,47
6572,47
6573,47
6574,47
6575,47
6576,47
6577,47
6578,47
6579,47
6580,47
6581,47
6582,47
6583,47
6584,47
6585,47
6586,47
6587,47
6588,47
6589,47
6590,47
6591,47
6592,47
6593,47
6594,47
6595,47
6596,47
6597,47
6598,47
6599,47
6600,47
6601,47
6602,47
6603,47
6604,47
6605,47
6606,47
6607,47
6608,47
6609,47
6610,47
6611,47
6612,47
6613,47
6614,47
6615,47
6616,47
6617,47
6618,47
6619,47
6620,47
6621,47
6622,47
6623,47
6624,47
6625,47
6626,47
6627,47
6628,47
6629,47
6630,47
6631,47
6632,47
6633,47
6634,47
6635,47
6636,47
6637,47
6638,47
6639,47
6640,47
6641,47
6642,47
6643,47
6644,47
6645,47
6646,47
6647,47
6648,47
6649,47
6650,47
6651,47
6652,47
6653,47
6654,47
6655,47
6656,47
6657,47
6658,47
6659,47
6660,47
6661,47
6662,47
6663,47
6664,47
6665,47
6666,47
6667,47
6668,47
6669,47
6670,48
6671,48
6672,48
6673,49
6674,49
6675,49
6676,49
6677,49
6678,49
6679,50
6680,50
6681,50
6682,50
6683,50
6684,50
6685,50
6686,50
6687,50
6688,50
6689,50
6690,50
6691,50
6692,50
6693,50
6694,50
6695,50
6696,50
6697,50
6698,50
6699,50
6700,50
6701,50
6702,50
6703,50
6704,50
6705,51
6706,51
6707,51
6708,52
6709,52
6710,52
6711,52
6712,52
6713,52
6714,52
6715,52
6716,52
6717,52
6718,52
6719,52
6720,52
6721,52
6722,52
6723,52
6724,52
6725,52
6726,52
6727,52
6728,52
6729,52
6730,52
6731,52
6732,52
6733,52
6734,52
6735,52
6736,52
6737,52
6738,52
6739,52
6740,52
6741,52
6742,52
6743,52
6744,52
6745,52
6746,52
6747,52
6748,52
6749,52
6750,52
6751,52
6752,52
6753,52
6754,52
6755,52
6756,52
6757,52
6758,52
6759,52
6760,52
6761,52
6762,52
6763,52
6764,52
6765,52
6766,52
6767,52
6768,52
6769,52
6770,52
6771,52
6772,52
6773,52
6774,52
6775,52
6776,52
6777,52
6778,52
6779,52
6780,52
6781,52
6782,52
6783,52
6784,52
6785,52
6786,52
6787,52
6788,52
6789,52
6790,52
6791,52
6792,52
6793,52
6794,52
6795,52
6796,52
6797,52
6798,52
6799,52
6800,52
6801,52
6802,53
6803,53
6804,53
6805,53
6806,53
6807,53
6808,53
6809,53
6810,53
6811,53
6812,53
6813,53
6814,53
6815,53
6816,53
6817,53
6818,53
6819,53
6820,53
6821,53
6822,53
6823,53
6824,53
6825,53
6826,53
6827,53
6828,53
6829,53
6830,53
6831,53
6832,53
6833,53
6834,53
6835,53
6836,53
6837,53
6838,53
6839,53
6840,53
6841,53
6842,53
6843,53
6844,53
6845,53
6846,53
6847,53
6848,53
6849,53
6850,53
6851,53
6852,53
6853,54
6854,54
6855,54
6856,54
6857,54
6858,54
6859,55
6860,55
6861,55
6862,55
6863,55
6864,55
6865,55
6866,55
6867,56
6868,56
6869,56
6870,57
6871,57
6872,57
6873,57
6874,57
6875,57
6876,57
6877,57
6878,57
6879,57
6880,57
6881,57
6882,57
6883,57
6884,57
6885,57
6886,57
6887,57
6888,57
6889,57
6890,57
6891,57
6892,57
6893,57
6894,57
6895,57
6896,57
6897,57
6898,57
6899,57
6900,57
6901,57
6902,57
6903,57
6904,57
6905,57
6906,57
6907,57
6908,57
6909,57
6910,58
6911,58
6912,58
6913,58
6914,58
6915,58
6916,58
6917,58
6918,58
6919,59
6920,59
6921,59
6922,59
6923,59
6924,59
6925,59
6926,59
6927,59
6928,59
6929,59
6930,59
6931,59
6932,59
6933,59
6934,59
6935,59
6936,59
6937,59
6938,59
6939,59
6940,59
6941,59
6942,59
6943,59
6944,59
6945,59
6946,59
6947,59
6948,59
6949,59
6950,59
6951,59
6952,59
6953,59
6954,59
6955,59
6956,59
6957,59
6958,59
6959,59
6960,59
6961,59
6962,59
6963,59
6964,59
6965,59
6966,59
6967,59
6968,59
6969,59
6970,59
6971,59
6972,59
6973,59
6974,59
6975,59
6976,59
6977,59
6978,59
6979,59
6980,59
6981,59
6982,59
6983,59
6984,59
6985,59
6986,59
6987,59
6988,59
6989,59
6990,59
6991,59
6992,59
6993,59
6994,59
6995,59
6996,59
6997,59
6998,59
6999,59
7000,59
7001,59
7002,59
7003,59
7004,59
7005,59
7006,59
7007,59
7008,59
7009,59
7010,59
7011,59
7012,59
7013,59
7014,59
7015,59
7016,59
7017,59
7018,59
7019,59
7020,59
7021,59
7022,59
7023,59
7024,59
7025,59
7026,59
7027,59
7028,59
7029,59
7030,59
7031,59
7032,59
7033,59
7034,59
7035,59
7036,59
7037,59
7038,59
7039,59
7040,59
7041,59
7042,59
7043,59
7044,59
7045,59
7046,59
7047,59
7048,59
7049,59
7050,59
7051,59
7052,59
7053,59
7054,59
7055,59
7056,59
7057,59
7058,59
7059,59
7060,59
7061,59
7062,59
7063,59
7064,59
7065,59
7066,59
7067,59
7068,59
7069,59
7070,59
7071,59
7072,59
7073,59
7074,59
7075,59
7076,59
7077,59
7078,59
7079,59
7080,59
7081,59
7082,59
7083,59
7084,59
7085,59
7086,59
7087,59
7088,59
7089,59
7090,59
7091,59
7092,59
7093,59
7094,59
7095,59
7096,59
7097,59
7098,59
7099,59
7100,59
7101,59
7102,59
7103,59
7104,59
7105,59
7106,59
7107,59
7108,59
7109,59
7110,59
7111,59
7112,59
7113,59
7114,59
7115,59
7116,59
7117,59
7118,59
7119,59
7120,59
7121,59
7122,59
7123,59
7124,59
7125,59
7126,59
7127,59
7128,59
7129,59
7130,59
7131,59
7132,59
7133,59
7134,59
7135,59
7136,59
7137,59
7138,59
7139,59
7140,59
7141,59
7142,59
7143,59
7144,59
7145,59
7146,59
7147,59
7148,59
7149,59
7150,59
7151,59
7152,59
7153,59
7154,59
7155,59
7156,59
7157,59
7158,59
7159,59
7160,59
7161,59
7162,59
7163,59
7164,59
7165,59
7166,59
7167,59
7168,59
7169,59
7170,59
7171,59
7172,59
7173,59
7174,59
7175,59
7176,59
7177,59
7178,59
7179,59
7180,59
7181,59
7182,59
7183,59
7184,59
7185,59
7186,59
7187,59
7188,59
7189,59
7190,59
7191,59
7192,59
7193,59
7194,59
7195,59
7196,59
7197,59
7198,59
7199,59
7200,59
7201,59
7202,59
7203,59
7204,59
7205,59
7206,59
7207,59
7208,59
7209,59
7210,59
7211,59
7212,59
7213,59
7214,59
7215,59
7216,59
7217,59
7218,59
7219,59
7220,59
7221,59
7222,59
7223,59
7224,59
7225,59
7226,59
7227,59
7228,59
7229,59
7230,59
7231,59
7232,59
7233,59
7234,59
7235,59
7236,59
7237,59
7238,59
7239,59
7240,59
7241,59
7242,59
7243,59
7244,59
7245,59
7246,59
7247,59
7248,59
7249,59
7250,59
7251,59
7252,59
7253,59
7254,59
7255,59
7256,59
7257,59
7258,59
7259,59
7260,59
7261,59
7262,59
7263,59
7264,59
7265,59
7266,59
7267,59
7268,59
7269,59
7270,59
7271,59
7272,59
7273,59
7274,59
7275,59
7276,59
7277,59
7278,59
7279,59
7280,59
7281,59
7282,59
7283,59
7284,59
7285,59
7286,59
7287,59
7288,59
7289,59
7290,59
7291,59
7292,59
7293,59
7294,59
7295,59
7296,59
7297,59
7298,59
7299,59
7300,59
7301,59
7302,59
7303,59
7304,59
7305,59
7306,59
7307,59
7308,59
7309,59
7310,59
7311,59
7312,59
7313,59
7314,59
7315,59
7316,59
7317,59
7318,59
7319,59
7320,59
7321,59
7322,59
7323,59
7324,59
7325,59
7326,59
7327,59
7328,59
7329,59
7330,59
7331,59
7332,59
7333,59
7334,59
7335,59
7336,59
7337,59
7338,59
7339,59
7340,59
7341,59
7342,59
7343,59
7344,59
7345,59
7346,59
7347,59
7348,59
7349,59
7350,59
7351,59
7352,59
7353,59
7354,59
7355,59
7356,59
7357,59
7358,59
7359,59
7360,59
7361,59
7362,59
7363,59
7364,59
7365,59
7366,59
7367,59
7368,59
7369,59
7370,59
7371,59
7372,59
7373,59
7374,59
7375,59
7376,59
7377,59
7378,59
7379,59
7380,59
7381,59
7382,59
7383,59
7384,59
7385,59
7386,59
7387,59
7388,59
7389,59
7390,59
7391,59
7392,59
7393,59
7394,59
7395,59
7396,59
7397,59
7398,59
7399,59
7400,59
7401,59
7402,59
7403,59
7404,59
7405,59
7406,59
7407,59
7408,59
7409,59
7410,59
7411,59
7412,59
7413,59
7414,59
7415,59
7416,59
7417,59
7418,59
7419,59
7420,59
7421,59
7422,59
7423,59
7424,59
7425,59
7426,59
7427,59
7428,59
7429,59
7430,59
7431,59
7432,59
7433,59
7434,59
7435,59
7436,59
7437,59
7438,59
7439,59
7440,59
7441,59
7442,59
7443,59
7444,59
7445,59
7446,59
7447,59
7448,59
7449,59
7450,59
7451,59
7452,59
7453,59
7454,59
7455,59
7456,59
7457,59
7458,59
7459,59
7460,59
7461,59
7462,59
7463,59
7464,59
7465,59
7466,59
7467,59
7468,59
7469,59
7470,59
7471,59
7472,59
7473,59
7474,59
7475,59
7476,59
7477,59
7478,59
7479,59
7480,59
7481,59
7482,59
7483,59
7484,59
7485,59
7486,59
7487,59
7488,59
7489,59
7490,59
7491,59
7492,59
7493,59
7494,59
7495,59
7496,59
7497,59
7498,59
7499,59
7500,59
7501,59
7502,59
7503,59
7504,59
7505,59
7506,59
7507,59
7508,59
7509,59
7510,59
7511,59
7512,59
7513,59
7514,59
7515,59
7516,59
7517,59
7518,59
7519,59
7520,59
7521,59
7522,59
7523,59
7524,59
7525,59
7526,59
7527,59
7528,59
7529,59
7530,59
7531,59
7532,59
7533,59
7534,59
7535,59
7536,59
7537,59
7538,59
7539,59
7540,59
7541,59
7542,59
7543,59
7544,59
7545,59
7546,59
7547,59
7548,59
7549,59
7550,59
7551,59
7552,59
7553,59
7554,59
7555,59
7556,59
7557,59
7558,59
7559,59
7560,59
7561,59
7562,59
7563,59
7564,59
7565,59
7566,59
7567,59
7568,59
7569,59
7570,59
7571,59
7572,59
7573,59
7574,59
7575,59
7576,59
7577,59
7578,59
7579,59
7580,59
7581,59
7582,59
7583,59
7584,59
7585,59
7586,59
7587,59
7588,59
7589,59
7590,59
7591,59
7592,59
7593,59
7594,59
7595,59
7596,59
7597,59
7598,59
7599,59
7600,59
7601,59
7602,59
7603,59
7604,59
7605,59
7606,59
7607,59
7608,59
7609,59
7610,59
7611,59
7612,59
7613,59
7614,59
7615,59
7616,59
7617,59
7618,59
7619,59
7620,59
7621,59
7622,59
7623,59
7624,59
7625,59
7626,59
7627,59
7628,59
7629,59
7630,59
7631,59
7632,59
7633,59
7634,59
7635,59
7636,59
7637,59
7638,59
7639,59
7640,59
7641,59
7642,59
7643,59
7644,59
7645,59
7646,59
7647,59
7648,59
7649,59
7650,59
7651,59
7652,59
7653,59
7654,59
7655,59
7656,59
7657,59
7658,59
7659,59
7660,59
7661,59
7662,59
7663,60
7664,60
7665,60
7666,60
7667,60
7668,61
7669,61
7670,61
7671,61
7672,61
7673,61
7674,61
7675,61
7676,62
7677,62
7678,62
7679,62
7680,62
7681,62
7682,62
7683,62
7684,62
7685,63
7686,63
7687,63
7688,64
7689,64
7690,64
7691,64
7692,64
7693,64
7694,64
7695,64
7696,64
7697,64
7698,64
7699,64
7700,64
7701,64
7702,64
7703,64
7704,64
7705,64
7706,64
7707,64
7708,64
7709,64
7710,64
7711,64
7712,64
7713,64
7714,64
7715,64
7716,64
7717,64
7718,64
7719,64
7720,64
7721,64
7722,64
7723,65
7724,65
7725,65
7726,65
7727,66
7728,66
7729,66
7730,66
7731,66
7732,66
7733,66
7734,66
7735,66
7736,67
7737,67
7738,67
7739,67
7740,67
7741,67
7742,67
7743,67
7744,68
7745,68
7746,68
7747,68
7748,68
7749,68
7750,68
7751,68
7752,68
7753,68
7754,68
7755,68
7756,68
7757,68
7758,68
7759,68
7760,68
7761,68
7762,68
7763,68
7764,68
7765,68
7766,68
7767,68
7768,68
7769,68
7770,68
7771,68
7772,68
7773,68
7774,68
7775,68
7776,68
7777,68
7778,68
7779,68
7780,68
7781,68
7782,68
7783,68
7784,68
7785,68
7786,68
7787,68
7788,68
7789,68
7790,68
7791,68
7792,68
7793,68
7794,68
7795,68
7796,68
7797,68
7798,68
7799,68
7800,68
7801,68
7802,68
7803,68
7804,68
7805,68
7806,68
7807,68
7808,68
7809,68
7810,68
7811,68
7812,68
7813,68
7814,68
7815,68
7816,68
7817,68
7818,68
7819,68
7820,68
7821,68
7822,68
7823,68
7824,68
7825,68
7826,68
7827,68
7828,68
7829,68
7830,68
7831,68
7832,68
7833,68
7834,68
7835,68
7836,68
7837,68
7838,68
7839,68
7840,68
7841,68
7842,68
7843,68
7844,68
7845,68
7846,68
7847,68
7848,68
7849,68
7850,68
7851,68
7852,68
7853,68
7854,68
7855,68
7856,68
7857,68
7858,68
7859,68
7860,68
7861,68
7862,68
7863,68
7864,68
7865,68
7866,68
7867,68
7868,68
7869,68
7870,68
7871,68
7872,68
7873,68
7874,68
7875,68
7876,68
7877,68
7878,68
7879,68
7880,68
7881,68
7882,68
7883,68
7884,68
7885,68
7886,68
7887,68
7888,68
7889,68
7890,68
7891,68
7892,68
7893,68
7894,68
7895,68
7896,68
7897,68
7898,68
7899,68
7900,68
7901,68
7902,68
7903,68
7904,68
7905,68
7906,68
7907,68
7908,68
7909,68
7910,68
7911,68
7912,68
7913,68
7914,68
7915,68
7916,68
7917,68
7918,68
7919,68
7920,68
7921,68
7922,68
7923,68
7924,68
7925,68
7926,68
7927,69
7928,69
7929,69
7930,69
7931,70
7932,70
7933,70
7934,70
7935,70
7936,70
7937,70
7938,70
7939,70
7940,71
7941,71
7942,71
7943,71
7944,71
7945,71
7946,71
7947,71
7948,71
7949,72
7950,72
7951,72
7952,72
7953,72
7954,72
7955,72
7956,72
7957,72
7958,72
7959,72
7960,72
7961,72
7962,72
7963,72
7964,72
7965,72
7966,72
7967,72
7968,72
7969,72
7970,72
7971,72
7972,72
7973,72
7974,72
7975,72
7976,72
7977,72
7978,72
7979,72
7980,72
7981,72
7982,72
7983,72
7984,72
7985,72
7986,72
7987,72
7988,72
7989,72
7990,72
7991,72
7992,72
7993,72
7994,72
7995,72
7996,72
7997,72
7998,72
7999,72
8000,72
8001,72
8002,72
8003,72
8004,72
8005,72
8006,72
8007,72
8008,72
8009,72
8010,72
8011,72
8012,72
8013,72
8014,72
8015,72
8016,72
8017,72
8018,72
8019,72
8020,72
8021,72
8022,72
8023,72
8024,72
8025,72
8026,72
8027,72
8028,72
8029,72
8030,72
8031,72
8032,72
8033,72
8034,72
8035,72
8036,72
8037,72
8038,72
8039,72
8040,72
8041,72
8042,72
8043,72
8044,72
8045,72
8046,72
8047,72
8048,72
8049,73
8050,73
8051,73
8052,73
8053,74
8054,74
8055,74
8056,74
8057,74
8058,74
8059,74
8060,74
8061,74
8062,74
8063,74
8064,74
8065,74
8066,74
8067,74
8068,74
8069,74
8070,74
8071,74
8072,74
8073,74
8074,74
8075,74
8076,74
8077,74
8078,74
8079,74
8080,74
8081,74
8082,74
8083,74
8084,74
8085,74
8086,74
8087,74
8088,74
8089,74
8090,74
8091,74
8092,74
8093,74
8094,74
8095,74
8096,74
8097,74
8098,74
8099,74
8100,74
8101,74
8102,74
8103,74
8104,74
8105,74
8106,74
8107,74
8108,74
8109,74
8110,74
8111,74
8112,74
8113,74
8114,74
8115,74
8116,74
8117,74
8118,74
8119,74
8120,74
8121,74
8122,74
8123,74
8124,74
8125,74
8126,74
8127,74
8128,74
8129,74
8130,74
8131,74
8132,74
8133,74
8134,74
8135,74
8136,74
8137,74
8138,74
8139,74
8140,74
8141,74
8142,74
8143,74
8144,74
8145,74
8146,74
8147,74
8148,74
8149,74
8150,74
8151,74
8152,74
8153,74
8154,74
8155,74
8156,74
8157,74
8158,74
8159,74
8160,74
8161,74
8162,74
8163,74
8164,74
8165,74
8166,74
8167,74
8168,74
8169,74
8170,74
8171,74
8172,74
8173,74
8174,74
8175,74
8176,74
8177,74
8178,74
8179,74
8180,74
8181,74
8182,74
8183,74
8184,74
8185,74
8186,74
8187,74
8188,74
8189,74
8190,74
8191,74
8192,74
8193,74
8194,74
8195,74
8196,74
8197,74
8198,74
8199,74
8200,74
8201,74
8202,74
8203,74
8204,74
8205,74
8206,74
8207,74
8208,74
8209,74
8210,74
8211,74
8212,74
8213,74
8214,74
8215,74
8216,74
8217,74
8218,74
8219,74
8220,74
8221,74
8222,74
8223,74
8224,74
8225,74
8226,74
8227,74
8228,74
8229,74
8230,74
8231,74
8232,74
8233,74
8234,74
8235,74
8236,74
8237,74
8238,74
8239,74
8240,74
8241,74
8242,74
8243,74
8244,74
8245,74
8246,74
8247,74
8248,74
8249,74
8250,74
8251,74
8252,74
8253,74
8254,74
8255,74
8256,74
8257,74
8258,74
8259,74
8260,74
8261,74
8262,74
8263,74
8264,74
8265,74
8266,74
8267,74
8268,74
8269,74
8270,74
8271,74
8272,74
8273,74
8274,74
8275,74
8276,74
8277,74
8278,74
8279,74
8280,74
8281,74
8282,74
8283,74
8284,74
8285,74
8286,74
8287,74
8288,74
8289,74
8290,74
8291,74
8292,74
8293,74
8294,74
8295,74
8296,74
8297,74
8298,74
8299,74
8300,74
8301,74
8302,74
8303,74
8304,74
8305,74
8306,74
8307,74
8308,74
8309,74
8310,74
8311,74
8312,74
8313,74
8314,74
8315,74
8316,74
8317,74
8318,74
8319,74
8320,74
8321,74
8322,74
8323,74
8324,74
8325,74
8326,74
8327,74
8328,74
8329,74
8330,74
8331,74
8332,74
8333,74
8334,74
8335,74
8336,74
8337,74
8338,74
8339,74
8340,74
8341,74
8342,74
8343,74
8344,74
8345,74
8346,74
8347,75
8348,75
8349,75
8350,75
8351,75
8352,75
8353,75
8354,76
8355,76
8356,76
8357,76
8358,76
8359,76
8360,76
8361,76
8362,76
8363,76
8364,76
8365,76
8366,76
8367,76
8368,76
8369,76
8370,76
8371,76
8372,76
8373,76
8374,76
8375,76
8376,76
8377,76
8378,76
8379,76
8380,76
8381,76
8382,76
8383,76
8384,76
8385,76
8386,76
8387,76
8388,76
8389,77
8390,77
8391,77
8392,77
8393,77
8394,77
8395,77
8396,77
8397,77
8398,77
8399,77
8400,77
8401,77
8402,77
8403,78
8404,78
8405,78
8406,78
8407,78
8408,78
8409,78
8410,78
8411,78
8412,78
8413,78
8414,78
8415,78
8416,78
8417,78
8418,78
8419,78
8420,78
8421,79
8422,79
8423,79
8424,79
8425,79
8426,79
8427,79
8428,79
8429,79
8430,79
8431,79
8432,79
8433,79
8434,79
8435,79
8436,79
8437,79
8438,79
8439,79
8440,79
8441,79
8442,79
8443,79
8444,79
8445,79
8446,79
8447,79
8448,79
8449,79
8450,79
8451,79
8452,79
8453,79
8454,79
8455,79
8456,79
8457,79
8458,79
8459,79
8460,79
8461,79
8462,79
8463,79
8464,79
8465,79
8466,79
8467,79
8468,79
8469,79
8470,79
8471,79
8472,79
8473,79
8474,79
8475,79
8476,79
8477,79
8478,79
8479,79
8480,79
8481,79
8482,79
8483,79
8484,79
8485,79
8486,79
8487,79
8488,79
8489,79
8490,79
8491,79
8492,79
8493,79
8494,79
8495,79
8496,79
8497,79
8498,79
8499,79
8500,79
8501,79
8502,79
8503,79
8504,79
8505,79
8506,79
8507,79
8508,79
8509,79
8510,79
8511,79
8512,79
8513,79
8514,79
8515,79
8516,79
8517,79
8518,79
8519,79
8520,79
8521,79
8522,79
8523,79
8524,79
8525,79
8526,79
8527,79
8528,79
8529,79
8530,79
8531,79
8532,79
8533,79
8534,79
8535,79
8536,79
8537,79
8538,79
8539,79
8540,79
8541,79
8542,79
8543,79
8544,79
8545,79
8546,79
8547,79
8548,79
8549,79
8550,79
8551,79
8552,79
8553,79
8554,79
8555,79
8556,79
8557,79
8558,79
8559,79
8560,79
8561,79
8562,79
8563,79
8564,79
8565,79
8566,79
8567,79
8568,79
8569,79
8570,79
8571,79
8572,79
8573,79
8574,79
8575,79
8576,79
8577,79
8578,79
8579,79
8580,79
8581,79
8582,79
8583,79
8584,79
8585,79
8586,79
8587,79
8588,79
8589,79
8590,79
8591,79
8592,79
8593,79
8594,79
8595,79
8596,79
8597,79
8598,79
8599,79
8600,79
8601,79
8602,79
8603,79
8604,79
8605,79
8606,79
8607,79
8608,79
8609,79
8610,79
8611,79
8612,79
8613,79
8614,79
8615,79
8616,79
8617,79
8618,79
8619,79
8620,79
8621,79
8622,79
8623,79
8624,79
8625,79
8626,79
8627,79
8628,79
8629,79
8630,79
8631,79
8632,79
8633,79
8634,79
8635,79
8636,79
8637,79
8638,79
8639,79
8640,79
8641,79
8642,79
8643,79
8644,79
8645,79
8646,79
8647,79
8648,79
8649,79
8650,79
8651,79
8652,79
8653,79
8654,79
8655,79
8656,79
8657,79
8658,79
8659,79
8660,79
8661,79
8662,79
8663,79
8664,79
8665,79
8666,79
8667,79
8668,79
8669,79
8670,79
8671,79
8672,79
8673,79
8674,79
8675,79
8676,79
8677,80
8678,80
8679,80
8680,80
8681,80
8682,80
8683,80
8684,80
8685,81
8686,81
8687,81
8688,81
8689,81
8690,81
8691,81
8692,81
8693,81
8694,81
8695,81
8696,81
8697,81
8698,81
8699,81
8700,81
8701,81
8702,81
8703,82
8704,82
8705,82
8706,82
8707,82
8708,82
8709,82
8710,82
8711,82
8712,82
8713,82
8714,82
8715,82
8716,82
8717,82
8718,82
8719,82
8720,82
8721,82
8722,82
8723,82
8724,82
8725,82
8726,82
8727,82
8728,82
8729,82
8730,82
8731,82
8732,82
8733,82
8734,82
8735,82
8736,82
8737,82
8738,82
8739,82
8740,82
8741,82
8742,82
8743,82
8744,82
8745,82
8746,82
8747,82
8748,82
8749,82
8750,82
8751,82
8752,82
8753,82
8754,82
8755,82
8756,82
8757,82
8758,82
8759,82
8760,82
8761,82
8762,82
8763,82
8764,82
8765,82
8766,82
8767,82
8768,82
8769,82
8770,82
8771,82
8772,82
8773,82
8774,82
8775,82
8776,82
8777,82
8778,82
8779,82
8780,82
8781,82
8782,82
8783,82
8784,82
8785,82
8786,82
8787,82
8788,82
8789,82
8790,82
8791,82
8792,82
8793,82
8794,82
8795,82
8796,82
8797,82
8798,82
8799,82
8800,82
8801,82
8802,82
8803,82
8804,82
8805,82
8806,82
8807,82
8808,82
8809,82
8810,82
8811,82
8812,82
8813,82
8814,82
8815,82
8816,82
8817,82
8818,82
8819,82
8820,82
8821,82
8822,82
8823,82
8824,82
8825,82
8826,82
8827,82
8828,82
8829,82
8830,82
8831,82
8832,82
8833,82
8834,82
8835,82
8836,82
8837,82
8838,82
8839,82
8840,82
8841,82
8842,82
8843,82
8844,82
8845,82
8846,82
8847,82
8848,82
8849,82
8850,82
8851,82
8852,82
8853,82
8854,82
8855,82
8856,82
8857,82
8858,82
8859,82
8860,82
8861,82
8862,82
8863,82
8864,82
8865,82
8866,82
8867,82
8868,82
8869,82
8870,82
8871,82
8872,82
8873,82
8874,82
8875,82
8876,82
8877,82
8878,82
8879,82
8880,82
8881,82
8882,82
8883,82
8884,82
8885,82
8886,82
8887,82
8888,82
8889,82
8890,82
8891,82
8892,82
8893,82
8894,82
8895,82
8896,82
8897,82
8898,82
8899,82
8900,82
8901,82
8902,82
8903,82
8904,82
8905,82
8906,82
8907,82
8908,82
8909,82
8910,82
8911,82
8912,82
8913,82
8914,82
8915,82
8916,82
8917,82
8918,82
8919,82
8920,82
8921,82
8922,82
8923,82
8924,82
8925,82
8926,82
8927,82
8928,82
8929,82
8930,82
8931,82
8932,82
8933,82
8934,82
8935,82
8936,82
8937,82
8938,82
8939,82
8940,82
8941,82
8942,82
8943,82
8944,82
8945,82
8946,82
8947,82
8948,82
8949,82
8950,82
8951,82
8952,82
8953,82
8954,82
8955,82
8956,82
8957,82
8958,82
8959,82
8960,82
8961,82
8962,82
8963,82
8964,82
8965,82
8966,82
8967,82
8968,82
8969,82
8970,82
8971,82
8972,82
8973,82
8974,82
8975,82
8976,82
8977,82
8978,82
8979,82
8980,82
8981,82
8982,82
8983,82
8984,82
8985,82
8986,82
8987,82
8988,82
8989,82
8990,82
8991,82
8992,82
8993,82
8994,82
8995,82
8996,82
8997,82
8998,82
8999,82
9000,82
9001,82
9002,82
9003,82
9004,82
9005,82
9006,82
9007,82
9008,82
9009,82
9010,82
9011,82
9012,82
9013,82
9014,82
9015,82
9016,82
9017,82
9018,82
9019,83
9020,83
9021,83
9022,83
9023,83
9024,83
9025,83
9026,84
9027,84
9028,84
9029,84
9030,84
9031,84
9032,84
9033,84
9034,84
9035,85
9036,85
9037,85
9038,85
9039,85
9040,85
9041,85
9042,85
9043,85
9044,86
9045,86
9046,86
9047,86
9048,86
9049,86
9050,86
9051,86
9052,87
9053,87
9054,88
9055,88
9056,88
9057,88
9058,88
9059,88
9060,88
9061,88
9062,88
9063,88
9064,88
9065,88
9066,88
9067,88
9068,88
9069,88
9070,88
9071,88
9072,88
9073,88
9074,88
9075,88
9076,88
9077,88
9078,88
9079,88
9080,88
9081,88
9082,88
9083,88
9084,88
9085,88
9086,88
9087,88
9088,88
9089,88
9090,88
9091,88
9092,88
9093,88
9094,88
9095,88
9096,88
9097,88
9098,88
9099,88
9100,88
9101,88
9102,88
9103,88
9104,88
9105,88
9106,88
9107,88
9108,88
9109,88
9110,88
9111,88
9112,88
9113,88
9114,88
9115,88
9116,88
9117,88
9118,88
9119,88
9120,88
9121,88
9122,88
9123,88
9124,88
9125,88
9126,88
9127,88
9128,88
9129,88
9130,88
9131,88
9132,88
9133,88
9134,88
9135,88
9136,88
9137,88
9138,88
9139,88
9140,88
9141,88
9142,88
9143,88
9144,88
9145,88
9146,88
9147,88
9148,88
9149,88
9150,88
9151,88
9152,88
9153,88
9154,88
9155,88
9156,88
9157,88
9158,88
9159,88
9160,88
9161,88
9162,88
9163,88
9164,88
9165,88
9166,88
9167,88
9168,88
9169,88
9170,88
9171,88
9172,88
9173,88
9174,88
9175,88
9176,88
9177,88
9178,88
9179,88
9180,88
9181,88
9182,88
9183,88
9184,88
9185,88
9186,88
9187,88
9188,88
9189,88
9190,88
9191,88
9192,88
9193,88
9194,88
9195,88
9196,88
9197,88
9198,88
9199,88
9200,88
9201,88
9202,88
9203,88
9204,88
9205,88
9206,88
9207,88
9208,88
9209,88
9210,88
9211,88
9212,88
9213,88
9214,88
9215,88
9216,88
9217,88
9218,88
9219,88
9220,88
9221,88
9222,88
9223,88
9224,88
9225,88
9226,88
9227,88
9228,88
9229,88
9230,88
9231,88
9232,88
9233,88
9234,88
9235,88
9236,88
9237,88
9238,88
9239,88
9240,88
9241,88
9242,88
9243,88
9244,88
9245,88
9246,88
9247,88
9248,88
9249,88
9250,88
9251,88
9252,88
9253,88
9254,88
9255,88
9256,88
9257,88
9258,88
9259,88
9260,88
9261,88
9262,88
9263,88
9264,88
9265,88
9266,88
9267,88
9268,88
9269,88
9270,88
9271,88
9272,88
9273,88
9274,88
9275,88
9276,88
9277,88
9278,88
9279,88
9280,88
9281,88
9282,88
9283,88
9284,88
9285,88
9286,88
9287,88
9288,88
9289,88
9290,88
9291,88
9292,88
9293,88
9294,88
9295,88
9296,88
9297,88
9298,88
9299,88
9300,88
9301,88
9302,88
9303,88
9304,88
9305,88
9306,88
9307,88
9308,88
9309,88
9310,88
9311,88
9312,88
9313,88
9314,88
9315,88
9316,88
9317,88
9318,88
9319,88
9320,88
9321,88
9322,88
9323,88
9324,88
9325,88
9326,88
9327,88
9328,88
9329,88
9330,88
9331,88
9332,88
9333,88
9334,88
9335,88
9336,88
9337,88
9338,88
9339,88
9340,88
9341,88
9342,88
9343,88
9344,88
9345,88
9346,88
9347,88
9348,88
9349,88
9350,88
9351,88
9352,88
9353,88
9354,88
9355,88
9356,88
9357,88
9358,88
9359,88
9360,88
9361,88
9362,88
9363,88
9364,88
9365,88
9366,88
9367,88
9368,88
9369,88
9370,88
9371,88
9372,88
9373,88
9374,88
9375,88
9376,88
9377,88
9378,88
9379,88
9380,88
9381,88
9382,88
9383,88
9384,88
9385,88
9386,88
9387,88
9388,88
9389,88
9390,88
9391,88
9392,88
9393,88
9394,88
9395,88
9396,88
9397,88
9398,88
9399,88
9400,88
9401,88
9402,88
9403,88
9404,88
9405,88
9406,88
9407,88
9408,88
9409,88
9410,88
9411,88
9412,88
9413,88
9414,88
9415,88
9416,88
9417,88
9418,88
9419,88
9420,88
9421,88
9422,88
9423,88
9424,88
9425,88
9426,88
9427,88
9428,88
9429,88
9430,88
9431,88
9432,88
9433,88
9434,88
9435,88
9436,88
9437,88
9438,88
9439,88
9440,88
9441,88
9442,88
9443,88
9444,88
9445,88
9446,88
9447,88
9448,88
9449,88
9450,88
9451,88
9452,88
9453,88
9454,88
9455,88
9456,88
9457,88
9458,88
9459,88
9460,88
9461,88
9462,88
9463,88
9464,88
9465,88
9466,88
9467,88
9468,88
9469,88
9470,88
9471,88
9472,88
9473,88
9474,88
9475,88
9476,88
9477,88
9478,88
9479,88
9480,88
9481,88
9482,88
9483,88
9484,88
9485,88
9486,88
9487,88
9488,88
9489,88
9490,88
9491,88
9492,88
9493,88
9494,88
9495,88
9496,88
9497,88
9498,88
9499,88
9500,88
9501,88
9502,88
9503,88
9504,88
9505,88
9506,88
9507,88
9508,88
9509,88
9510,88
9511,88
9512,88
9513,88
9514,88
9515,88
9516,88
9517,88
9518,88
9519,88
9520,88
9521,88
9522,88
9523,88
9524,88
9525,88
9526,88
9527,88
9528,88
9529,88
9530,88
9531,88
9532,88
9533,88
9534,88
9535,88
9536,88
9537,88
9538,88
9539,88
9540,88
9541,88
9542,88
9543,88
9544,88
9545,88
9546,88
9547,88
9548,88
9549,88
9550,88
9551,88
9552,88
9553,88
9554,88
9555,88
9556,88
9557,88
9558,88
9559,88
9560,88
9561,88
9562,88
9563,88
9564,88
9565,88
9566,88
9567,88
9568,88
9569,88
9570,88
9571,88
9572,88
9573,88
9574,88
9575,88
9576,88
9577,88
9578,88
9579,88
9580,88
9581,88
9582,88
9583,88
9584,88
9585,88
9586,88
9587,88
9588,88
9589,88
9590,88
9591,88
9592,88
9593,88
9594,88
9595,88
9596,88
9597,88
9598,88
9599,88
9600,88
9601,88
9602,88
9603,88
9604,88
9605,88
9606,88
9607,88
9608,88
9609,88
9610,88
9611,88
9612,88
9613,88
9614,88
9615,88
9616,88
9617,88
9618,88
9619,88
9620,88
9621,88
9622,88
9623,88
9624,88
9625,88
9626,88
9627,88
9628,88
9629,88
9630,88
9631,88
9632,88
9633,88
9634,88
9635,88
9636,88
9637,88
9638,88
9639,88
9640,88
9641,88
9642,88
9643,88
9644,88
9645,88
9646,88
9647,88
9648,88
9649,88
9650,88
9651,88
9652,88
9653,88
9654,88
9655,88
9656,88
9657,88
9658,88
9659,88
9660,88
9661,88
9662,88
9663,88
9664,88
9665,88
9666,88
9667,88
9668,88
9669,88
9670,88
9671,88
9672,88
9673,88
9674,88
9675,88
9676,88
9677,88
9678,88
9679,88
9680,88
9681,88
9682,88
9683,88
9684,88
9685,88
9686,88
9687,88
9688,88
9689,88
9690,88
9691,88
9692,88
9693,88
9694,88
9695,88
9696,88
9697,88
9698,88
9699,88
9700,88
9701,88
9702,88
9703,88
9704,88
9705,88
9706,88
9707,88
9708,88
9709,88
9710,88
9711,88
9712,88
9713,88
9714,88
9715,88
9716,88
9717,88
9718,88
9719,88
9720,88
9721,88
9722,88
9723,88
9724,88
9725,88
9726,88
9727,88
9728,88
9729,88
9730,88
9731,88
9732,88
9733,88
9734,88
9735,88
9736,88
9737,88
9738,88
9739,88
9740,88
9741,88
9742,88
9743,88
9744,88
9745,88
9746,88
9747,88
9748,88
9749,88
9750,88
9751,88
9752,88
9753,88
9754,88
9755,88
9756,88
9757,88
9758,88
9759,88
9760,88
9761,88
9762,88
9763,88
9764,88
9765,88
9766,88
9767,88
9768,88
9769,88
9770,88
9771,88
9772,88
9773,88
9774,88
9775,88
9776,88
9777,88
9778,88
9779,88
9780,88
9781,88
9782,88
9783,88
9784,88
9785,88
9786,88
9787,88
9788,88
9789,88
9790,88
9791,88
9792,88
9793,88
9794,88
9795,88
9796,88
9797,88
9798,88
9799,88
9800,88
9801,88
9802,88
9803,88
9804,88
9805,88
9806,88
9807,88
9808,88
9809,88
9810,88
9811,88
9812,88
9813,88
9814,88
9815,88
9816,88
9817,88
9818,88
9819,88
9820,88
9821,88
9822,88
9823,88
9824,88
9825,88
9826,88
9827,88
9828,88
9829,88
9830,88
9831,88
9832,88
9833,88
9834,88
9835,88
9836,88
9837,88
9838,88
9839,88
9840,88
9841,88
9842,88
9843,88
9844,88
9845,88
9846,88
9847,88
9848,88
9849,88
9850,88
9851,88
9852,88
9853,88
9854,88
9855,88
9856,88
9857,88
9858,88
9859,88
9860,88
9861,88
9862,88
9863,88
9864,88
9865,88
9866,88
9867,88
9868,88
9869,88
9870,88
9871,88
9872,88
9873,88
9874,88
9875,88
9876,89
9877,89
9878,89
9879,89
9880,89
9881,89
9882,89
9883,90
9884,90
9885,90
9886,90
9887,90
9888,90
9889,90
9890,90
9891,90
9892,90
9893,90
9894,90
9895,90
9896,90
9897,90
9898,90
9899,90
9900,90
9901,90
9902,90
9903,90
9904,90
9905,90
9906,90
9907,90
9908,90
9909,90
9910,90
9911,90
9912,90
9913,90
9914,90
9915,90
9916,90
9917,90
9918,90
9919,90
9920,90
9921,90
9922,90
9923,90
9924,90
9925,90
9926,90
9927,90
9928,90
9929,90
9930,90
9931,90
9932,90
9933,90
9934,90
9935,90
9936,90
9937,90
9938,90
9939,90
9940,90
9941,90
9942,90
9943,90
9944,90
9945,90
9946,90
9947,90
9948,90
9949,90
9950,90
9951,90
9952,90
9953,90
9954,90
9955,90
9956,90
9957,90
9958,90
9959,90
9960,90
9961,90
9962,90
9963,90
9964,90
9965,90
9966,90
9967,90
9968,90
9969,90
9970,90
9971,90
9972,90
9973,90
9974,90
9975,90
9976,90
9977,90
9978,90
9979,90
9980,90
9981,90
9982,90
9983,90
9984,90
9985,90
9986,90
9987,90
9988,90
9989,90
9990,90
9991,90
9992,90
9993,90
9994,90
9995,90
9996,90
9997,90
9998,90
9999,90
10000,90
10001,90
10002,90
10003,90
10004,90
10005,90
10006,90
10007,90
10008,90
10009,90
10010,90
10011,90
10012,90
10013,90
10014,90
10015,90
10016,90
10017,90
10018,90
10019,90
10020,90
10021,90
10022,90
10023,90
10024,90
10025,90
10026,90
10027,90
10028,90
10029,90
10030,90
10031,90
10032,90
10033,90
10034,90
10035,90
10036,90
10037,90
10038,90
10039,90
10040,90
10041,90
10042,90
10043,90
10044,90
10045,90
10046,90
10047,90
10048,90
10049,90
10050,90
10051,90
10052,90
10053,90
10054,90
10055,90
10056,90
10057,90
10058,90
10059,90
10060,90
10061,90
10062,90
10063,90
10064,90
10065,90
10066,90
10067,90
10068,90
10069,90
10070,90
10071,90
10072,90
10073,90
10074,90
10075,90
10076,90
10077,90
10078,90
10079,90
10080,90
10081,90
10082,90
10083,90
10084,90
10085,90
10086,90
10087,90
10088,90
10089,90
10090,90
10091,90
10092,90
10093,90
10094,90
10095,90
10096,90
10097,90
10098,90
10099,90
10100,90
10101,90
10102,90
10103,90
10104,90
10105,90
10106,90
10107,90
10108,90
10109,90
10110,90
10111,90
10112,90
10113,90
10114,90
10115,90
10116,90
10117,90
10118,90
10119,90
10120,90
10121,90
10122,90
10123,90
10124,90
10125,90
10126,90
10127,90
10128,90
10129,90
10130,90
10131,90
10132,90
10133,90
10134,90
10135,90
10136,90
10137,90
10138,90
10139,90
10140,90
10141,90
10142,90
10143,90
10144,90
10145,90
10146,90
10147,90
10148,90
10149,90
10150,90
10151,90
10152,90
10153,90
10154,90
10155,90
10156,90
10157,90
10158,90
10159,90
10160,90
10161,90
10162,90
10163,90
10164,90
10165,90
10166,90
10167,90
10168,90
10169,90
10170,90
10171,90
10172,90
10173,90
10174,90
10175,90
10176,90
10177,90
10178,90
10179,90
10180,90
10181,90
10182,90
10183,90
10184,90
10185,90
10186,90
10187,90
10188,90
10189,90
10190,90
10191,90
10192,90
10193,90
10194,90
10195,90
10196,90
10197,90
10198,90
10199,90
10200,90
10201,90
10202,90
10203,90
10204,90
10205,90
10206,90
10207,90
10208,90
10209,90
10210,90
10211,90
10212,90
10213,90
10214,90
10215,90
10216,90
10217,90
10218,90
10219,90
10220,90
10221,90
10222,90
10223,90
10224,90
10225,90
10226,90
10227,90
10228,90
10229,90
10230,90
10231,90
10232,90
10233,90
10234,90
10235,90
10236,90
10237,90
10238,90
10239,90
10240,90
10241,90
10242,90
10243,90
10244,90
10245,90
10246,90
10247,90
10248,90
10249,90
10250,90
10251,90
10252,90
10253,90
10254,90
10255,90
10256,90
10257,90
10258,90
10259,90
10260,90
10261,90
10262,90
10263,90
10264,90
10265,90
10266,90
10267,90
10268,90
10269,90
10270,90
10271,90
10272,90
10273,90
10274,90
10275,90
10276,90
10277,90
10278,90
10279,90
10280,90
10281,90
10282,90
10283,90
10284,90
10285,90
10286,90
10287,90
10288,90
10289,90
10290,90
10291,90
10292,90
10293,90
10294,90
10295,90
10296,90
10297,90
10298,90
10299,90
10300,90
10301,90
10302,90
10303,90
10304,90
10305,90
10306,90
10307,90
10308,90
10309,90
10310,90
10311,90
10312,90
10313,90
10314,90
10315,90
10316,90
10317,90
10318,90
10319,90
10320,90
10321,91
10322,92
10323,92
10324,92
10325,92
10326,92
10327,92
10328,92
10329,92
10330,93
10331,93
10332,93
10333,93
10334,93
10335,93
10336,93
10337,93
10338,93
10339,93
10340,93
10341,93
10342,93
10343,93
10344,93
10345,93
10346,93
10347,93
10348,93
10349,93
10350,93
10351,93
10352,93
10353,93
10354,93
10355,93
10356,93
10357,93
10358,93
10359,93
10360,93
10361,93
10362,93
10363,93
10364,93
10365,93
10366,93
10367,93
10368,93
10369,93
10370,93
10371,93
10372,93
10373,93
10374,93
10375,93
10376,93
10377,93
10378,93
10379,93
10380,93
10381,93
10382,94
10383,94
10384,94
10385,94
10386,94
10387,94
10388,94
10389,94
10390,94
10391,95
10392,95
10393,95
10394,95
10395,95
10396,95
10397,95
10398,95
10399,95
10400,96
10401,96
10402,97
10403,97
10404,97
10405,97
10406,97
10407,97
10408,98
10409,98
10410,98
10411,98
10412,98
10413,98
10414,98
10415,98
10416,98
10417,98
10418,98
10419,98
10420,98
10421,98
10422,98
10423,98
10424,98
10425,98
10426,99
10427,99
10428,100
